"","deployment","participant_id","pm","hepa","k_val_mean","k_val_min","k_val_q25","k_val_median","k_val_q75","k_val_max","peak_hgt_mean","peak_hgt_median","peak_hgt_min","peak_hgt_max","peak_wdh_mean","peak_wdh_median","peak_wdh_min","peak_wdh_max","total_plume_area","n"
"1","CH","clerk","pm1",FALSE,-0.00509268202605358,-0.0172212263447022,-0.00609124796753924,-0.0023181438408068,-0.00119967352582964,-0.00052277869938507,7.42646666666667,5.37435,4.1304,19.152,631.666666666667,329.5,34,2096,33535.7996,6
"2","CH","clerk","pm1",TRUE,-0.0422694817543706,-0.164948158288498,-0.0494701163380914,-0.00985724541199204,-0.00539541658464623,-0.00237169445808587,4.26135,2.90145,2.0582,10.1356,478.5,201.5,4,1523,12091.9514,6
"3","CH","clerk","pm10",FALSE,-0.172051824518261,-0.401546803980942,-0.285332557064302,-0.198372463674132,-0.00395297752439839,-0.00037900821883256,7.978725,5.8157,4.9187,24.2985,303.166666666667,8,3,2077,36355.2862,12
"4","CH","clerk","pm10",TRUE,-0.419645994776413,-1.3097809959558,-0.668326479821165,-0.290561876096742,-0.0525455962783165,-0.001447306630728,5.06606666666667,4.40935,2.8381,11.9787,142.944444444444,7.5,3,1445,13139.6916,18
"5","CH","clerk","pm25",FALSE,-0.00545199850720612,-0.0168039643840837,-0.00688069311464238,-0.00333042944061135,-0.00131766283165666,-0.00053631280993913,8.36555,5.70405,4.3038,19.8611,643.833333333333,372,20,2098,35600.5697,6
"6","CH","clerk","pm25",TRUE,-0.0350968337222377,-0.204404454509179,-0.0108454424193435,-0.0078331858709581,-0.00463732229300855,-0.00247466625082288,4.18887142857143,2.9413,2.1077,9.9103,416.571428571429,65,5,1523,12724.0823,7
"7","CH","engineering","pm1",FALSE,-0.080959938642643,-0.416121748975839,-0.0932738392111638,-0.0216543520015046,-0.00300983072204186,-0.00073667302298645,5.42089166666667,4.42455,4.0179,14.0023,158.75,24,5,1063,12029.6018,12
"8","CH","engineering","pm1",TRUE,-0.00017984985847448,-0.00017984985847448,-0.00017984985847448,-0.00017984985847448,-0.00017984985847448,-0.00017984985847448,10.5565,10.5565,10.5565,10.5565,2746,2746,2746,2746,16166.8326,1
"9","CH","engineering","pm10",FALSE,-0.1372687725223,-0.438989639526195,-0.282863407652245,-0.0450130427878185,-0.0225569254294707,-0.00142968946961965,10.2136769230769,10.6202,5.0464,23.127,136.615384615385,35,3,1063,13795.4798,13
"10","CH","engineering","pm10",TRUE,-0.00023018731093457,-0.00023018731093457,-0.00023018731093457,-0.00023018731093457,-0.00023018731093457,-0.00023018731093457,23.4422,23.4422,23.4422,23.4422,2746,2746,2746,2746,20615.1721,1
"11","CH","engineering","pm25",FALSE,-0.110546196551603,-0.306296146666844,-0.227875729880315,-0.0418935151689237,-0.0013928915709657,-0.00069924430281363,6.3104375,5.10265,4.3464,14.882,211.5,44,5,1063,11658.9867,8
"12","CH","engineering","pm25",TRUE,-0.00031090516871583,-0.00031090516871583,-0.00031090516871583,-0.00031090516871583,-0.00031090516871583,-0.00031090516871583,12.8014,12.8014,12.8014,12.8014,2746,2746,2746,2746,17283.7062,1
"13","CH","veterans","pm1",FALSE,-0.0181788782369387,-0.0343957144884564,-0.0251271070513758,-0.0158584996142952,-0.0100704601111798,-0.00428242060806437,5.08846666666667,4.4461,4.3898,6.4295,48,56,14,74,600.3591,3
"14","CH","veterans","pm1",TRUE,-0.0635793499536662,-0.0635793499536662,-0.0635793499536662,-0.0635793499536662,-0.0635793499536662,-0.0635793499536662,2.1991,2.1991,2.1991,2.1991,14,14,14,14,25.5252,1
"15","CH","veterans","pm10",FALSE,-0.325348204348449,-0.583547696344655,-0.524620109497946,-0.483118340687452,-0.0260491903235121,-0.00940568488868168,9.12068,8.7659,5.0227,13.0345,28,6,4,80,715.7507,5
"16","CH","veterans","pm10",TRUE,-0.748239685570161,-1.31320661679965,-1.10177720901335,-0.719959130199858,-0.375072311464147,-0.247153295718179,8.09996666666667,6.2983,2.6962,14.8836,6.16666666666667,6.5,5,7,135.0696,6
"17","CH","veterans","pm25",FALSE,-0.019068385542981,-0.0359406585956032,-0.0258060822118411,-0.015671505828079,-0.0106322490166699,-0.00559299220526082,5.32966666666667,4.8713,4.6841,6.4336,48,56,14,74,624.883,3
"18","CH","veterans","pm25",TRUE,-0.385962772244598,-0.385962772244598,-0.385962772244598,-0.385962772244598,-0.385962772244598,-0.385962772244598,4.6243,4.6243,4.6243,4.6243,5,5,5,5,14.0211,1
"19","CM","103","pm1",FALSE,-0.0104319627645763,-0.0306306040086603,-0.0124774432248255,-0.00824226313582076,-0.00578548597225164,-0.00059358602912385,28.9672380952381,28.955,5.121,49.967,435.380952380952,361,27,1668,77607.012,21
"20","CM","103","pm1",TRUE,-0.0125631010527867,-0.0435791563279724,-0.0174502981376467,-0.00974994021517022,-0.00388884902438939,0.0249614978065586,26.076,27.5045,3.075,49.871,529.363636363636,372.5,22,1927,69491.9,22
"21","CM","103","pm10",FALSE,-0.0359845874919643,-0.515533040379634,-0.0206864242198727,-0.0104924449283781,-0.00722648722184359,-0.00155940642481423,80.3873793103448,45.9,12.081,615.913,264.620689655172,183,20,891,112270.42,29
"22","CM","103","pm10",TRUE,-0.0804010010283524,-1.22709954521179,-0.0368109349501659,-0.0128863250309986,-0.00392060350170284,0.0219638382424571,109.7735,47.7885,11.442,922.226,364.208333333333,340.5,23,1448,112379.94,24
"23","CM","103","pm25",FALSE,-0.00989091123687869,-0.0415015314376622,-0.0105371704554199,-0.00778899066751003,-0.00446961262110082,-0.00109596992215416,32.2183333333333,29.2055,6.651,74.238,385.041666666667,296.5,22,1662,82995.146,24
"24","CM","103","pm25",TRUE,-0.0075369416135348,-0.0264354045957322,-0.012474260594497,-0.00830000090974048,-0.00162083556346956,0.0251435107321978,30.1735454545455,22.4165,3.98,97.142,517,347.5,34,2217,90575.604,22
"25","CM","104","pm1",FALSE,-0.00850709164812143,-0.034053378051015,-0.00853107004547859,-0.00632178968106039,-0.00339883834093046,-0.00110786107748347,19.25605,12.9495,5.076,49.993,339,317.5,54,1003,48391.102,20
"26","CM","104","pm1",TRUE,-0.0156007688893169,-0.0414198706188232,-0.0236337332402601,-0.0115229942591355,-0.00523057749567026,-0.00054448783381177,18.19356,10.228,3.127,49.948,489.2,360,29,1811,41891.132,25
"27","CM","104","pm10",FALSE,-0.0499072710284334,-0.213097701004499,-0.0692665590529249,-0.0143091419462529,-0.00734800646378821,-0.00209253957616271,117.55585,64.188,18.356,465.626,259.65,270,22,837,90481.432,20
"28","CM","104","pm10",TRUE,-0.162126173968153,-1.0756807122653,-0.092900391645774,-0.0238624197319063,-0.00901074046535308,0.00615668745434304,97.8569714285714,48.292,9.669,429.297,251.314285714286,143,23,1231,112445.87,35
"29","CM","104","pm25",FALSE,-0.0105954350806922,-0.0336620877567263,-0.0153359012766351,-0.00629314808191763,-0.0046139775064403,-0.00117560769954704,26.7162105263158,15.985,6.515,92.828,344.842105263158,357,40,988,56807.522,19
"30","CM","104","pm25",TRUE,-0.0173285341174847,-0.0559492376810284,-0.0256140857354215,-0.0132142777977293,-0.00539046239969644,-0.0009112900839527,23.7395185185185,10.553,3.899,96.758,430.703703703704,192,25,1811,51389.032,27
"31","CM","105","pm1",FALSE,-0.00799598976107129,-0.0257881483010647,-0.00878336393559223,-0.00680329730676379,-0.00384823525871105,-0.0001050708837115,12.8338571428571,12.486,5.114,24.059,328.428571428571,248.5,56,1215,23579.659,14
"32","CM","105","pm1",TRUE,-0.0281370900672799,-0.0988485027093008,-0.0256458099839391,-0.0221579318316157,-0.0176238163846869,-0.00773564090732019,17.6298181818182,10.219,3.705,49.572,152.454545454545,107,41,682,6710.376,11
"33","CM","105","pm10",FALSE,-0.177072605405338,-1.76707929487704,-0.156830768920152,-0.0355800227570387,-0.0111831643279702,-0.00120568883762465,111.046,55.4365,14.703,640.581,131.038461538462,95.5,20,551,46386.661,26
"34","CM","105","pm10",TRUE,-0.0518576011436701,-0.18676185981039,-0.0679693315081079,-0.031957091380836,-0.0247783257988632,-0.0145155577307264,66.8453333333333,46.276,17.066,167.911,90.6190476190476,56,20,460,29671.043,21
"35","CM","105","pm25",FALSE,-0.00822532270091801,-0.0171481963038912,-0.0119840754986533,-0.0072010482441013,-0.00446127630126024,-0.00148290730523785,17.43125,14.954,6.32,37.883,290.8125,228.5,66,771,26560.073,16
"36","CM","105","pm25",TRUE,-0.0265432800301454,-0.0957703036196359,-0.0281961409189271,-0.0233853453466168,-0.0175935341535464,-0.0110312431811454,22.466,12.766,3.797,98.447,128,88.5,43,617,12851.099,16
"37","CM","207","pm1",FALSE,-0.0108780550587782,-0.0782564340209443,-0.00962866702885944,-0.00773574859911279,-0.00470051580078313,-0.00084522640702885,27.31525,16.641,5.645,49.991,560.9,370.5,28,2631,66994.799,20
"38","CM","207","pm1",TRUE,-0.0314694885488411,-0.0914516435258385,-0.0374561981001042,-0.0291626522798545,-0.0223478451404878,-0.00195442627773242,12.6507142857143,5.606,3.15,49.233,128.761904761905,74,21,868,9890.179,21
"39","CM","207","pm10",FALSE,-0.0205071800715074,-0.111047908208637,-0.0233417107333654,-0.0152330418080818,-0.009657256595771,-0.0061985102651916,124.711148148148,49.219,13.988,753.867,248.814814814815,205,24,682,113786.078,27
"40","CM","207","pm10",TRUE,-0.203742222460447,-1.25790432686586,-0.190974861626958,-0.0883201852063863,-0.0373864171621565,-0.0005298788175891,90.7823529411765,36.961,13.552,451.434,108.058823529412,53,22,716,20207.66,17
"41","CM","207","pm25",FALSE,-0.0125016974755825,-0.0776592005311393,-0.0124006770116974,-0.00792624537353856,-0.00610628815591976,-0.0015003979652339,41.7405263157895,20.395,7.644,97.84,514.473684210526,296,26,2595,82788.398,19
"42","CM","207","pm25",TRUE,-0.0280697962740595,-0.0513809734841321,-0.037185560253883,-0.0308977030993898,-0.019957178933349,-0.0007741059589266,15.7585714285714,6.667,3.646,76.677,126.571428571429,72,26,862,12494.349,21
"43","CM","209","pm1",FALSE,-0.0127278339171974,-0.0342888070816091,-0.014352943891543,-0.0097665494413436,-0.00535456876339493,-0.00126514233951209,14.4515,7.918,5.182,44.636,206.571428571429,182.5,28,591,11387.215,14
"44","CM","209","pm1",TRUE,-0.0138674895893624,-0.0683010194659108,-0.0132711885961415,-0.00660908693712032,-0.00340275447888588,-0.00075806681042104,16.9353571428571,6.7625,3.142,49.431,356.428571428571,306,102,642,16937.466,14
"45","CM","209","pm10",FALSE,-0.0416418344008493,-0.129785673740903,-0.054175038219276,-0.0362108016465863,-0.0246356310969341,-0.00164099146322616,58.0629090909091,44.9595,14.75,198.623,93.0909090909091,72,20,392,19581.012,22
"46","CM","209","pm10",TRUE,-0.02700130906817,-0.0970837846438041,-0.0385487449651791,-0.0244074324623632,-0.00722581992811651,-0.00205491527296763,52.1127333333333,43.409,18.46,95.095,165.4,131,37,409,25724.179,15
"47","CM","209","pm25",FALSE,-0.0147589141681599,-0.045169065458523,-0.0152346080010218,-0.0120540752841273,-0.00732930583274851,-0.00112106057501951,17.1998666666667,9.759,6.731,58.683,173.8,134,49,719,13615.236,15
"48","CM","209","pm25",TRUE,-0.016969062923862,-0.0633855715182364,-0.0194547512421566,-0.00951712473201819,-0.00393538207817062,-0.00193224614939392,17.3640625,6.7915,3.901,59.866,289.1875,250,46,719,19505.428,16
"49","CM","210","pm1",FALSE,-0.00666855521143974,-0.0110671456942773,-0.00936280968956108,-0.00807178852100961,-0.0035974039836324,-0.00099891561349324,49.7785454545455,49.921,48.876,49.991,772.454545454545,501,180,2542,87193.718,11
"50","CM","210","pm1",TRUE,-0.0164959262056936,-0.0318444505225731,-0.0276839311122791,-0.0174303343204274,-0.00387186883920798,-0.00106460814210492,48.4092647058824,49.7945,24.484,49.997,352.029411764706,230.5,125,909,160695.086,34
"51","CM","210","pm10",FALSE,-0.0553223026915033,-0.733350457006369,-0.010170824761529,-0.00932097367532517,-0.00817460687278968,-0.00071496360546379,70.0557058823529,68.057,20.818,129.624,455.117647058824,417,237,1185,99105.243,17
"52","CM","210","pm10",TRUE,-0.0188290404784296,-0.0461924069130085,-0.0278200927730378,-0.0224360493318793,-0.00870090385777396,-0.00080576871298763,54.5189,54.9435,17.474,74.2,270.675,189.5,97,887,144020.285,40
"53","CM","210","pm25",FALSE,-0.00494496575114649,-0.011083018232006,-0.00799339572259941,-0.00380091793381723,-0.00223247718310505,-0.00087364732738724,50.0423846153846,50.108,49,50.679,640.307692307692,495,168,1398,131967.527,13
"54","CM","210","pm25",TRUE,-0.0156661793721008,-0.0318076479170733,-0.0280031440654648,-0.0149889769262404,-0.00350499955669645,0.00597573833903444,48.2906944444444,50.029,24.617,52.455,330.944444444444,221,123,905,166982.157,36
"55","CM","300","pm1",FALSE,-0.0255817577467642,-0.0616647129820716,-0.0292701721606419,-0.0204204782801896,-0.0153542924710694,-0.00492750388347439,23.8662307692308,20.017,5.646,49.948,96.6153846153846,96,22,230,12042.791,13
"56","CM","300","pm1",TRUE,-0.0191563108153657,-0.105122606273996,-0.0224011477789045,-0.006139218963569,-0.00481356281506594,-0.00208044179323655,8.53865,6.621,3.262,40.712,180.4,143.5,21,681,14070.005,20
"57","CM","300","pm10",FALSE,-0.0481944250804905,-0.190325500648596,-0.057846367736682,-0.0378037739850165,-0.0239296339467355,-0.00624728726909444,129.573916666667,60.424,15.427,986.04,97.4166666666667,79.5,23,245,52038.086,24
"58","CM","300","pm10",TRUE,-0.0783628140057633,-0.989826186757215,-0.0665516554469323,-0.0324540369159092,-0.0136561342360325,-0.00541693537168443,74.9539696969697,49.322,19.209,547.079,130.060606060606,83,22,536,53064.277,33
"59","CM","300","pm25",FALSE,-0.0252692529535322,-0.0575117258507423,-0.0308928291825881,-0.0257092617779933,-0.0145626082468472,-0.00611047860095416,38.7412857142857,22.2435,6.252,98.391,133.928571428571,150.5,22,238,20351.372,14
"60","CM","300","pm25",TRUE,-0.0180225130133627,-0.0944154235485545,-0.0147593787866836,-0.0074504882324895,-0.00508051638001071,0.00028830056926635,12.8387826086957,8.791,3.654,57.428,192.478260869565,183,22,687,22223.266,23
"61","CM","301","pm1",FALSE,-0.00528308603596184,-0.0216753813925432,-0.00402947061639602,-0.00178604356852242,-0.00159328913479085,-0.00014473039694879,6.9125,7.123,5.63,7.797,311,338,55,456,6476.531,6
"62","CM","301","pm1",TRUE,-0.00417436389120708,-0.0246607058249753,-0.00405361599612369,-0.0012914714711592,-0.00036743172083501,-0.00022976863121151,10.1204444444444,7.237,3.417,21.677,1212.55555555556,918,102,3391,22455.983,9
"63","CM","301","pm10",FALSE,-0.045176519197565,-0.14721676747154,-0.0696500531521599,-0.0197001754536691,-0.0113620809016485,-0.00148598531165946,36.9981875,32.0685,17.598,103.31,103.9375,42,20,358,13478.27,16
"64","CM","301","pm10",TRUE,-0.0790432637842658,-0.503991574833616,-0.0427284632658815,-0.0124940992402227,-0.00633349452628707,0.0436160034780978,28.9754285714286,26.133,10.974,65.237,303.238095238095,236,20,1855,30736.449,21
"65","CM","301","pm25",FALSE,-0.00634923237355633,-0.0205166449081785,-0.00624938473252724,-0.00388168134507338,-0.00185917685515229,-0.00159175875615559,8.67233333333333,8.7725,6.361,11.902,278.833333333333,292,55,445,7640.509,6
"66","CM","301","pm25",TRUE,-0.00626068285804806,-0.02405904987796,-0.0060200965029286,-0.00154471080147323,-0.00126060583046226,-0.00032198387659544,11.178,10.207,3.798,21.677,1222.875,1020,49,3324,22697.871,8
"67","CM","303","pm1",FALSE,-0.0114140568696269,-0.0313884395266307,-0.0145122012066531,-0.0103760653459867,-0.00864656456055807,-0.00387273780829519,36.23148,47.912,5.745,49.937,324.96,309,24,777,77449.977,25
"68","CM","303","pm1",TRUE,-0.0140871361885855,-0.0418954091922397,-0.0185977836190628,-0.0101865645173406,-0.00790296590792221,-0.00104431218147305,34.1583333333333,37.4265,7.585,49.632,490.166666666667,400,120,1347,41799.447,12
"69","CM","303","pm10",FALSE,-0.0356455947113659,-0.194051328352868,-0.0501271885010964,-0.0191493402052609,-0.0116749214076898,-0.00200044185489171,205.371277777778,109.04,31.935,992.354,244.972222222222,280.5,21,678,267329.993,36
"70","CM","303","pm10",TRUE,-0.0586970112112799,-0.543072451180276,-0.0310078615457475,-0.0189558214022136,-0.0130109871671996,-0.00187559002383343,179.783142857143,127.636,28.999,566.04,353.857142857143,323,24,1030,110646.764,14
"71","CM","303","pm25",FALSE,-0.0108911527492188,-0.0207763726734916,-0.0144821198582179,-0.0106144639915969,-0.00789905262982844,-0.00413480381778172,54.73596,61.754,6.711,97.038,359.4,343,61,770,113213.207,25
"72","CM","303","pm25",TRUE,-0.0145033708008112,-0.0429501601242614,-0.0197671897810546,-0.011253771557058,-0.0042677834147585,-0.00127534693671212,56.6593333333333,70.9405,8.437,97.728,484.75,406.5,117,1327,65002.362,12
"73","CM","308","pm1",FALSE,-0.012413581975888,-0.101139564654588,-0.0106666916653713,-0.00748218304815082,-0.00539917129258255,-0.00111669913487386,19.5511304347826,11.924,5.164,49.935,258,213,22,645,39936.379,23
"74","CM","308","pm1",TRUE,-0.0305901162934392,-0.0579400700407451,-0.0434837667715604,-0.0275630484896804,-0.0247818258487583,-0.00244813893540217,15.8969,7.0235,3.331,49.178,133.35,81,27,535,11699.218,20
"75","CM","308","pm10",FALSE,-0.0749327744924941,-0.759999482286312,-0.0506364951373642,-0.0221189106676828,-0.0129423067186784,0.0228519122799638,151.246384615385,53.688,18.381,897.555,184.487179487179,127,20,489,140275.064,39
"76","CM","308","pm10",TRUE,-0.0688865949647405,-0.28487496349314,-0.080635952840225,-0.0590208907664029,-0.0264470927294732,-0.00461010653114906,101.504088235294,63.3665,13.134,479.657,101.705882352941,72.5,20,361,53680.874,34
"77","CM","308","pm25",FALSE,-0.00997195131444016,-0.0803595222252876,-0.00818850125083902,-0.00678822285219029,-0.00554497249876288,-0.00198972940026237,27.6401111111111,12.473,5.989,99.871,280.074074074074,222,34,1213,67515.379,27
"78","CM","308","pm25",TRUE,-0.0287643946448995,-0.0588966711368049,-0.0359085918253359,-0.0271494834855887,-0.0197079652210101,-0.00239642878122457,18.1414516129032,7.036,3.676,76.868,120.387096774194,89,20,535,17493.14,31
"79","CM","400","pm1",FALSE,-0.0165170387693881,-0.0587981794795972,-0.0201758800468498,-0.0147335171195165,-0.00498983546200335,-0.00251058966594609,24.5118125,14.2955,5.15,49.931,233.375,178.5,29,762,22673.424,16
"80","CM","400","pm1",TRUE,-0.0259902252671196,-0.0582479237791527,-0.037191545241766,-0.0257464981876745,-0.00933980490611068,-0.00128546400784389,21.75356,10.309,3.206,49.907,250.84,184,22,926,22189.857,25
"81","CM","400","pm10",FALSE,-0.0486663792327519,-0.198203593606137,-0.067379812488901,-0.0314022042186504,-0.00931671863671297,-0.0022334596221125,76.1133333333333,50.86,18.4,244.271,175.833333333333,130,20,678,35808.851,18
"82","CM","400","pm10",TRUE,-0.0998813580633882,-1.41137027227406,-0.0647586958062943,-0.0372006837845789,-0.0194786446869765,-0.00760772907612787,77.8060714285714,51.348,11.201,291.676,170.142857142857,107.5,21,937,44787.183,28
"83","CM","400","pm25",FALSE,-0.0149936561306157,-0.0494922913622941,-0.0161864537044823,-0.0138176283324999,-0.00802326491251992,-0.00391032211077367,35.2955333333333,23.547,9.244,82.169,259.266666666667,175,39,770,28693.183,15
"84","CM","400","pm25",TRUE,-0.0243706026745809,-0.0560679450255051,-0.0372428903057647,-0.0237119946892055,-0.00924561992212939,-0.00318547407009933,29.3199130434783,22.245,4.118,85.617,292.391304347826,269,33,966,25387.058,23
"85","CM","402","pm1",FALSE,-0.00870886960422054,-0.0189369055933037,-0.0119330148718814,-0.00818843923645235,-0.00621378282278693,-0.0016788344983816,27.3049230769231,21.486,5.785,49.924,346.384615384615,304,89,774,40716.449,13
"86","CM","402","pm1",TRUE,-0.025022189013355,-0.0607150218546582,-0.0295345149078776,-0.0237804025652566,-0.0174455946187884,-0.00343808342014381,18.5942121212121,9.443,3.21,49.899,145,133,28,456,27712.788,33
"87","CM","402","pm10",FALSE,-0.0703121884400059,-0.507223828298523,-0.0252885601668123,-0.011673164164509,-0.00955984585862495,-0.00745928112192162,84.685625,78.8485,29.582,171.424,273,241,28,792,54660.769,16
"88","CM","402","pm10",TRUE,-0.0579455309175891,-0.669613880137945,-0.0504854081497378,-0.0307870473867119,-0.0191272558085948,-0.00205866811764119,55.8026764705882,36.9,13.103,282.601,133.852941176471,106.5,23,410,53261.964,34
"89","CM","402","pm25",FALSE,-0.00888753612507815,-0.016678566277266,-0.0113904354613457,-0.00857620706136298,-0.00640771423635666,-0.00209576103653497,34.3288461538462,30.482,7.376,79.89,362.692307692308,346,99,774,51351.289,13
"90","CM","402","pm25",TRUE,-0.0226944681034578,-0.0513275193296302,-0.0273883699966195,-0.0232529906508523,-0.0164520529450852,-0.00363140787844151,23.3799117647059,12.112,3.726,98.346,156.323529411765,137.5,31,436,35623.047,34
"91","CM","407","pm1",FALSE,-0.00346795578422731,-0.0117743772148899,-0.00481356193335723,-0.00204908839900887,-0.00162632955767053,-0.00042562943218322,25.8200588235294,19.587,5.424,49.741,913.823529411765,815,166,3998,109607.356,17
"92","CM","407","pm1",TRUE,-0.0135897077893717,-0.0374640140349564,-0.0186563979913258,-0.0107992841099694,-0.00729424561066669,-0.00131682969828347,16.5066875,8.2475,3.191,49.877,265.71875,215,61,1030,29144.267,32
"93","CM","407","pm10",FALSE,-0.0183453284876653,-0.219904099116053,-0.0167372075347189,-0.00809031383176696,-0.00356050704975541,-0.00046636009980496,83.2694814814815,46.352,13.606,441.247,430.296296296296,369,39,1228,136811.185,27
"94","CM","407","pm10",TRUE,-0.0303013773837485,-0.101211226713016,-0.0388425729159731,-0.0255132022164185,-0.015257452053445,0.0016410777281926,70.6195833333333,48.7785,10.959,394.649,175.722222222222,154,31,910,59132.893,36
"95","CM","407","pm25",FALSE,-0.00410022734269907,-0.014093971106339,-0.00536295733033348,-0.00320550917801505,-0.00164009483146236,-0.00014479211859658,32.8404210526316,18.033,6.604,98.139,788.421052631579,679,150,3186,127175.35,19
"96","CM","407","pm25",TRUE,-0.0139975169922226,-0.0375721131399611,-0.0206144794082259,-0.0127173457361111,-0.00538330530698532,0.00022636764577252,23.4993,9.6195,3.803,83.894,271.566666666667,233.5,72,1030,37336.636,30
"97","CM","408","pm1",FALSE,-0.0112965822701901,-0.0480521536211084,-0.0155898959963291,-0.00587221074576729,-0.00416311921550089,-0.00075290256628942,23.3878461538462,16.636,5.095,49.958,353.384615384615,260,60,878,57907.851,26
"98","CM","408","pm1",TRUE,-0.0293215659448799,-0.0667434982836038,-0.0451981804509696,-0.0269667137511842,-0.00955302385903016,-0.00328986223687042,20.8676956521739,10.138,3.138,49.589,174.260869565217,103,28,951,16168.004,23
"99","CM","408","pm10",FALSE,-0.0341955586101319,-0.121093513682746,-0.0536357808768877,-0.0242573578344206,-0.00950724432302117,-0.00019880610474809,129.974085714286,67.595,11.698,695.812,213.942857142857,118,22,618,133730.857,35
"100","CM","408","pm10",TRUE,-0.0564731821685495,-0.256309059859795,-0.0795811176132955,-0.0540051075810616,-0.0203167435760355,0.00143375843384923,97.7588378378378,46.565,18.098,560.483,127.648648648649,84,21,473,68298.746,37
"101","CM","408","pm25",FALSE,-0.0130896486891265,-0.0443910571148375,-0.016207602451083,-0.0124481642125669,-0.00498519434362221,-0.00087732122595367,30.4306666666667,23.946,6.322,79.182,338.814814814815,358,60,725,65970.794,27
"102","CM","408","pm25",TRUE,-0.029592017201787,-0.0632448232114757,-0.0464447737451584,-0.0301069756884764,-0.0111778894625485,-0.00426271346667304,27.33732,16.201,3.648,96.646,188.88,116,23,951,21415.78,25
"103","CM","411","pm1",FALSE,-0.010444966292735,-0.0714808860687152,-0.0101458746913237,-0.00557776902677245,-0.00296190172048984,-0.00060107040118511,17.3908181818182,9.0385,5.332,49.974,379.681818181818,267,50,1992,51396.22,22
"104","CM","411","pm1",TRUE,-0.0466417219266357,-0.1098377372366,-0.0655258651586483,-0.047931404990477,-0.0201615593592706,-0.0031877238675141,16.2885882352941,6.149,3.319,48.232,126.882352941176,60,21,855,8154.61,17
"105","CM","411","pm10",FALSE,-0.0645253177493769,-0.506690208869238,-0.0738951042118693,-0.0231648994549687,-0.00888887879015763,-0.00222143808384953,78.2118709677419,45.965,11.718,571.69,220.322580645161,159,22,789,75086.274,31
"106","CM","411","pm10",TRUE,-0.0908786652418609,-0.538293595527948,-0.11094707989475,-0.0571389064022749,-0.0250260626968231,0.0160822293760917,76.5475652173913,45.843,21.43,488.362,93.1739130434783,57,20,302,23164.855,23
"107","CM","411","pm25",FALSE,-0.0131163300730353,-0.066837636693374,-0.0125304055528253,-0.00737425624794465,-0.00426999770931319,-0.0013941020894941,23.1357307692308,12.5605,6.003,93.595,323.076923076923,197,21,1635,53853.722,26
"108","CM","411","pm25",TRUE,-0.0354453458454942,-0.0705558295145496,-0.0557812261829526,-0.0291022147487661,-0.0194060158877464,-0.00242938235157593,25.6228235294118,9.643,3.999,98.993,137.588235294118,90,20,858,12366.465,17
"109","CM","500","pm1",FALSE,-0.014525188126312,-0.0393717048688345,-0.0211245439658351,-0.0125601031278478,-0.00645386773566241,-0.00020627678418903,16.36375,7.274,5.085,48.202,148.458333333333,112,39,592,15309.499,24
"110","CM","500","pm1",TRUE,-0.0263843962233572,-0.17076893130874,-0.0458391682781151,-0.00836895161659051,-0.00221063991162567,0.00060078282927275,16.0436666666667,8.1485,3.131,48.849,359.805555555556,301,46,1586,32571.33,36
"111","CM","500","pm10",FALSE,-0.10429036790613,-0.371002788296683,-0.168227540097568,-0.0600979156574079,-0.0265514950003129,-0.00684665067628583,61.2994615384615,55.0915,13.448,150.62,64.8846153846154,39,22,159,21447.007,26
"112","CM","500","pm10",TRUE,-0.218141610309148,-2.66144264232835,-0.117105520163816,-0.068876384096565,-0.0490065664413384,-0.0005104995188965,70.7089772727273,40.19,8.174,379.863,113.386363636364,60.5,22,629,41886.746,44
"113","CM","500","pm25",FALSE,-0.0198234062150228,-0.0392255307868336,-0.0279047485761591,-0.0181254864674682,-0.0121217721637084,-0.00331512441820582,24.2024761904762,11.342,6.396,71.219,124.047619047619,113,45,326,18023.82,21
"114","CM","500","pm25",TRUE,-0.0309038345111013,-0.185779069843306,-0.0398554034253274,-0.0238344730761722,-0.00603699786886523,-0.00047409386544694,20.4671627906977,7.96,3.663,91.898,268.581395348837,156,43,1358,34983.267,43
"115","CM","501","pm1",FALSE,-0.0295846528342099,-0.0740019685081484,-0.041761168226566,-0.0243990621180796,-0.0156177145135221,-0.00373382442398312,26.5872258064516,27.486,5.773,49.928,116.064516129032,103,26,410,25716.689,31
"116","CM","501","pm1",TRUE,-0.0256366674140455,-0.111291805948719,-0.0389256477087705,-0.0166337412056044,-0.00537796203868264,0.00190667186453293,24.0935945945946,18.571,3.344,49.624,317.297297297297,195,40,1755,58987.931,37
"117","CM","501","pm10",FALSE,-0.125305850293705,-2.31097574560162,-0.0709548873766659,-0.0432890956576992,-0.019766962243909,-0.00097015222422582,149.150755102041,111.678,23.344,613.835,136.897959183673,119,22,484,180489.575,49
"118","CM","501","pm10",TRUE,-0.098550450327426,-0.803612185352866,-0.0928126113072102,-0.0380918894132624,-0.0149425787787817,0.00040460136383847,213.43785106383,137.465,11.076,911.907,224.914893617021,149,24,937,247601.264,47
"119","CM","501","pm25",FALSE,-0.108690822261697,-2.96315958389203,-0.04824016385281,-0.026295684770529,-0.0175155351970795,-0.00552306613112853,40.0162564102564,34.318,6.155,98.418,136.461538461538,123,33,410,48713.269,39
"120","CM","501","pm25",TRUE,-0.0286993568617948,-0.110951618965609,-0.0371963399532959,-0.0202654849321498,-0.00685544377878463,0.00141948761550032,37.0754210526316,30.229,3.952,98.638,324.789473684211,204,31,1738,84946.082,38
"121","CM","502","pm1",FALSE,-0.00415528151832911,-0.0395717521105199,-0.00274543157911381,-0.00137971097635603,-0.000973767393692865,-0.00018156567037586,15.9474444444444,12.9,5.598,44.024,849.666666666667,841.5,40,2348,82742.051,18
"122","CM","502","pm1",TRUE,-0.0293309980892522,-0.109951341993853,-0.0515809111609613,-0.0125025987547092,-0.00842459272553592,-0.00110301490038877,15.447875,8.6495,3.521,49.142,595.8125,166,83,2904,12986.825,16
"123","CM","502","pm10",FALSE,-0.0253498786716108,-0.173452882521072,-0.0346731206097214,-0.00838383223847999,-0.00261075471764812,4.49365970063569e-05,47.0585714285714,43.564,10.372,102.683,353.285714285714,265,22,1052,108636.708,35
"124","CM","502","pm10",TRUE,-0.035913227074783,-0.100057961585937,-0.0554752119478352,-0.030874080625432,-0.00876186510121887,0.00050372429872864,47.8725263157895,27.589,7.946,179.534,316.105263157895,93,41,1240,30018.144,19
"125","CM","502","pm25",FALSE,-0.00430243607312206,-0.014862187013734,-0.00597047371775268,-0.00233655740408135,-0.00118620865116927,-0.0001492280471503,16.9362608695652,14.616,6.255,48.85,631.695652173913,755,45,1370,85538.893,23
"126","CM","502","pm25",TRUE,-0.0354108626322289,-0.112632757128167,-0.054105791626665,-0.0270934438244902,-0.00953199546641525,-0.00163409925416949,16.8808235294118,8.405,3.836,58.405,535.176470588235,165,39,2904,13608.612,17
"127","CM","503","pm1",FALSE,-0.0124659815271451,-0.046768533644205,-0.0162944649557869,-0.0116665836566759,-0.00369069528664345,-0.00022279206009384,25.7116285714286,20.805,5.109,49.857,453.057142857143,328,35,2197,89337.504,35
"128","CM","503","pm1",TRUE,-0.0232131679865499,-0.0400695097337211,-0.0285780777681433,-0.0236491417833793,-0.0177097692697333,-0.00538076883186495,26.23790625,25.227,3.33,49.847,269.28125,168,39,1086,35400.413,32
"129","CM","503","pm10",FALSE,-0.0576130102773991,-1.23203907619934,-0.048216040008645,-0.0231018775026611,-0.00727189139870079,0.00033816259543621,88.264976744186,57.34,11.52,673.193,246.255813953488,143,20,1559,138544.047,43
"130","CM","503","pm10",TRUE,-0.130494110612437,-2.5005852479826,-0.0618171506712789,-0.0304223084851812,-0.0246370684978158,-0.00298821081761199,59.4993888888889,52.08,8.999,376.884,145.722222222222,127.5,24,458,51591.281,36
"131","CM","503","pm25",FALSE,-0.0132261577686563,-0.0483199004193535,-0.0190909219580778,-0.0118823655444614,-0.00322512435256749,-0.00025938003142483,34.0484545454545,40.614,6.112,78.527,410.424242424242,276,35,2197,115414.207,33
"132","CM","503","pm25",TRUE,-0.0236512030169912,-0.0727107221769609,-0.0287327371902882,-0.0244773210221978,-0.0134957841607691,-0.00537927619390333,31.3473548387097,30.687,3.981,83.03,259.322580645161,217,64,1080,39848.403,31
"133","CM","506","pm1",FALSE,-0.00931443237469424,-0.0372593821761944,-0.0100870385498398,-0.00572230034735252,-0.000805695584231578,5.92772835129222e-05,28.926875,26.827,11.413,48.016,1342.5,1126,145,2643,42413.763,8
"134","CM","506","pm1",TRUE,-0.0194881392573474,-0.109872537865903,-0.0099926534469919,-0.00432735268111377,-0.00109672131107032,-3.8334738290719e-05,31.4294285714286,30.11,11.849,49.103,3073.71428571429,1263,928,6704,63413.157,7
"135","CM","506","pm10",FALSE,-0.0243113857135947,-0.110717990036004,-0.0200651144575048,-0.00732597789412595,-0.00520087095587182,-0.00123889616613827,73.1820555555556,48.194,16.84,165.902,469.611111111111,443.5,27,1263,74330.625,18
"136","CM","506","pm10",TRUE,-0.0196090534952709,-0.117628130970697,-0.025699576749613,-0.010755583727973,-0.00256759442395657,-0.00120751864111836,93.6485,83.6805,8.874,296.884,868.454545454545,839,59,2525,138006.457,22
"137","CM","506","pm25",FALSE,-0.0104381223071212,-0.0350167280476061,-0.015465490338901,-0.00526768910117255,-0.00174165700547832,0.00025174531857948,31.5540909090909,33.443,7.342,63.939,966.363636363636,1044,36,2339,55064.685,11
"138","CM","506","pm25",TRUE,-0.00452518262252364,-0.0131627913509298,-0.00627725557365836,-0.00219392781173981,-0.00099120482973938,2.4616237414512e-05,40.23825,38.14,17.606,61.19,2652,1220,925,6431,80725.08,8
"139","CM","509","pm1",FALSE,-0.00330339696659725,-0.0086389624423548,-0.00479998320846441,-0.00096100397457402,-0.00063561422871847,-0.00031022448286292,49.4026666666667,49.946,48.277,49.985,1675.33333333333,1991,309,2726,74332.98,3
"140","CM","509","pm1",TRUE,-0.00591467028586505,-0.0127232695286986,-0.00686351471704881,-0.00412200913005018,-0.00317316469886642,-0.00269139335466125,49.95725,49.9575,49.916,49.998,1120,1168.5,541,1602,40041.179,4
"141","CM","509","pm10",FALSE,-0.00469135937283103,-0.00859294749117566,-0.00722904400680797,-0.00559496653002903,-0.00146500982709407,-0.00057482900904842,54.6256,49.979,48.157,63.904,972,711,284,2676,57467.846,5
"142","CM","509","pm10",TRUE,-0.00912709835865498,-0.028837498844397,-0.0155410993278343,-0.00237981702265441,-0.00125616386500223,-0.00035565102021159,53.1961666666667,51.929,49.825,60.703,723.5,788.5,203,1337,89013.85,6
"143","CM","509","pm25",FALSE,-0.00434322144902605,-0.00862795575749069,-0.00762708426479014,-0.00412459152112087,-0.000840728705356767,-0.00049574699637176,49.748,49.8275,48.564,50.773,1249.75,995.5,303,2705,66317.241,4
"144","CM","509","pm25",TRUE,-0.00447567015250779,-0.0126964888109511,-0.00680528386184105,-0.00365243635678078,-0.00132282264744752,0.00209868091448151,50.3275,50.1475,50.033,50.982,1111.75,1158.5,528,1602,20909.089,4
"145","CM","510","pm1",FALSE,-0.00967826384424887,-0.0339562797387266,-0.0122620484576763,-0.00745069823527681,-0.00372087234341217,-0.00167773116414458,17.877,12.591,5.103,49.841,262.925925925926,219,28,1118,43747.698,27
"146","CM","510","pm1",TRUE,-0.0119177156757892,-0.0403831228694836,-0.0146300807814557,-0.0100255004332809,-0.00408134491733766,-0.00038350206717852,7.22258333333333,4.1995,3.239,25.093,200.583333333333,201,30,446,4977.1,12
"147","CM","510","pm10",FALSE,-0.0268299207561904,-0.170305482387568,-0.0330205381415523,-0.0165189488746178,-0.00832716849949503,-0.0014947117756065,75.2484857142857,47.378,15.542,580.47,181.085714285714,155,21,769,88120.124,35
"148","CM","510","pm10",TRUE,-0.0352363907560358,-0.14972820110648,-0.0450311217555736,-0.0225729189456055,-0.00595538048198507,-0.0006307795166205,81.5526,33.931,8.475,852.312,128.95,85,20,445,48225.902,20
"149","CM","510","pm25",FALSE,-0.00782104182625269,-0.0250969659918014,-0.0100778618146143,-0.00601540455023407,-0.00453371884407496,-0.00257780067985931,22.7042857142857,15.0555,6.228,89.049,267.535714285714,182,44,1039,51364.216,28
"150","CM","510","pm25",TRUE,-0.00981079886738155,-0.042843308774261,-0.0138760741673645,-0.00549895049913668,-0.0038101503582204,0.00039040689080949,10.6289333333333,4.967,3.616,58.452,196.8,190,38,446,8496.307,15
"151","CM","511","pm1",FALSE,-0.258041257128421,-2.37814328171808,-0.242857416896795,-0.0188804310194799,-0.00471407318425019,0.00390066142646427,25.793347826087,24.8095,5.181,49.995,186.760869565217,72,20,786,63676.663,46
"152","CM","511","pm1",TRUE,-0.110898181089468,-0.636101144297391,-0.164396796447912,-0.039758954601563,-0.022476318839269,0.00089177843353778,22.1917307692308,17.4725,3.795,49.176,90.3461538461538,58,20,467,7355.87,26
"153","CM","511","pm10",FALSE,-0.155557687334414,-1.37672643659654,-0.0979530581304699,-0.0214473955335969,-0.00916681116290072,0.00743537368451245,99.4673783783784,45.343,11.162,919.801,168.837837837838,105,21,560,93453.705,37
"154","CM","511","pm10",TRUE,-0.122910932115925,-0.385334914193221,-0.204733392928586,-0.0805958324592057,-0.0450054170271597,-0.0230360842953635,42.8763333333333,42.5915,11.933,93,61.2083333333333,43.5,22,140,12805.922,24
"155","CM","511","pm25",FALSE,-0.247970861380073,-2.35351561280071,-0.210274631787538,-0.0139443795105604,-0.00536465854008427,0.00391769278047392,30.4810697674419,29.283,5.977,73.776,201.325581395349,99,20,721,75648.596,43
"156","CM","511","pm25",TRUE,-0.105387017145033,-0.623683274082743,-0.162001062765981,-0.0358670086137353,-0.021149241941681,0.00105248315166098,23.7671111111111,21.011,4.507,49.333,90.2222222222222,76,21,277,9782.272,27
"157","IB","105","pm1",FALSE,-0.0477905719875349,-0.151668628192366,-0.0567722207383283,-0.0274004750578373,-0.0199996218403946,-0.00192121550509536,24.8092857142857,16.481,12.826,53.551,25.5714285714286,20,12,58,2629.081,7
"158","IB","105","pm1",TRUE,-0.0932836523848668,-0.235892266274264,-0.113735186588134,-0.0964554096022067,-0.0502411881541076,-0.0116451178718846,24.5256153846154,15.697,6.808,102.647,22.0769230769231,18,12,67,3248.715,13
"159","IB","105","pm10",FALSE,-0.0644235894154962,-0.151668628192366,-0.0830952165483815,-0.0413374669737108,-0.0267934687534617,-0.019223166609561,29.5354,16.858,15.553,53.551,24.8,16,12,56,2013.41,5
"160","IB","105","pm10",TRUE,-0.102601385855943,-0.235892266274264,-0.125885646707746,-0.0980384919385246,-0.0777383133385622,-0.00053516452135523,27.545,18.68,10.626,102.647,20,16,12,44,2842.93,11
"161","IB","105","pm25",FALSE,-0.0523164696093906,-0.151668628192366,-0.0622163417610462,-0.0304492249282751,-0.0233118208336991,-0.0130411089556023,24.8092857142857,16.481,12.826,53.551,21.5714285714286,16,12,58,2300.982,7
"162","IB","105","pm25",TRUE,-0.0992359799494843,-0.235892266274264,-0.11981041664794,-0.0972469507703656,-0.0633072118735527,-0.0105443343911077,26.0020833333333,17.1885,9.03,102.647,22.1666666666667,18,12,63,3175.43,12
"163","IB","206","pm1",FALSE,-0.0417792003865322,-0.161906692515905,-0.0640266712304231,-0.0221130221492231,-0.010320451483198,8.7383809886455e-05,30.9779393939394,26.056,11.809,78.695,124.060606060606,37,11,972,46787.533,33
"164","IB","206","pm1",TRUE,-0.0469979195790788,-0.367523662146056,-0.0769110352697245,-0.0157806132259252,-0.00494821625039561,-0.00102229159976039,23.617375,16.355,7.251,74.333,118.8,39,11,962,39143.84,40
"165","IB","206","pm10",FALSE,-0.045040008235755,-0.161906692515905,-0.0790210614104002,-0.0282727673673408,-0.00991818462772369,-0.00156418671638342,31.5176470588235,24.8275,14.911,78.695,62.4705882352941,24.5,11,492,28784.327,34
"166","IB","206","pm10",TRUE,-0.0584443861369746,-0.367523662146056,-0.0802593751936436,-0.0267284715453211,-0.00797043565737912,-0.00074165367010839,28.6609032258065,18.819,10.849,74.333,58.5806451612903,21,11,534,23662.515,31
"167","IB","206","pm25",FALSE,-0.0420483357663091,-0.161906692515905,-0.0559651389966222,-0.0242997473116415,-0.00926252501838843,0.0001469829930506,30.5534285714286,23.599,11.809,78.695,90.7428571428571,30,11,573,42163.996,35
"168","IB","206","pm25",TRUE,-0.04608148418857,-0.367523662146056,-0.0732730646936761,-0.0163027946623565,-0.00631708295858861,0.00690613689532595,22.6871162790698,16.079,7.251,74.333,81.7674418604651,22,11,928,32078.088,43
"169","IB","207","pm1",FALSE,-0.0110567603512535,-0.0606344649808338,-0.00894656709537243,-0.00550412955946218,-0.00471635348830947,-0.00157113403160871,79.2831904761905,19.408,11.074,299.527,317.380952380952,164,11,1015,209833.644,21
"170","IB","207","pm1",TRUE,-0.0249345831772545,-0.0816481379627157,-0.0336572089628846,-0.0165508228587775,-0.0115632491857685,-0.00396635453751987,53.589375,21.7125,6.631,264.327,111.375,93,11,308,42777.668,24
"171","IB","207","pm10",FALSE,-0.0129409279264814,-0.0606344649808338,-0.0135477922420014,-0.00645438230968456,-0.0042709320030226,0.00144775010670994,91.2087222222222,31.6575,14.899,299.527,258.666666666667,66,12,854,196149.092,18
"172","IB","207","pm10",TRUE,-0.0332357398955774,-0.129717755859822,-0.0433336467127178,-0.022940603314317,-0.016941899942523,-0.0083413044431456,62.96195,33.521,10.786,264.327,60.55,45.5,11,231,34265.303,20
"173","IB","207","pm25",FALSE,-0.0116388008642446,-0.0606344649808338,-0.0101958047324449,-0.00563946455058682,-0.00341955391936871,0.00065065682133065,79.5310476190476,19.408,12.279,299.527,304.952380952381,141,13,975,219974.973,21
"174","IB","207","pm25",TRUE,-0.0279601047831274,-0.109633753252095,-0.0383463891070991,-0.0189163225627626,-0.0109476369399805,-0.00343931372950599,57.8511818181818,26.094,7.279,264.327,87.7272727272727,76,11,268,39352.173,22
"175","IB","210","pm1",FALSE,-0.0471538955684783,-0.321611442695975,-0.0498913958192169,-0.0297375681251223,-0.019286272311396,0.00205321546536653,137.842572916667,93.3755,11.041,298.73,115.677083333333,84.5,11,666,404855.885,96
"176","IB","210","pm1",TRUE,-0.0852843212385124,-2.33818553912286,-0.0528599583947317,-0.036295000759605,-0.0199150280812753,-0.00116991627857543,93.4549065420561,21.98,6.35,299.837,113.289719626168,58,11,1528,321749.54,107
"177","IB","210","pm10",FALSE,-0.0479058555791704,-0.29351313767384,-0.0505046586485186,-0.0303736283631121,-0.0218652820041172,-0.00012685885580902,154.83888372093,130.16,15.751,298.73,100.383720930233,88.5,11,474,390599.396,86
"178","IB","210","pm10",TRUE,-0.0895012864625279,-2.33818553912286,-0.0472880977459315,-0.0324787606345082,-0.019496936253538,-0.00121086199616234,114.504284090909,50.82,10.487,299.837,85.3977272727273,61.5,11,622,293041.852,88
"179","IB","210","pm25",FALSE,-0.0487815542812543,-0.321611442695975,-0.0494393859424102,-0.0299895062849763,-0.0207144604096157,-0.0015698029109415,142.776638297872,103.9235,12.095,298.73,111.202127659574,89,11,552,401027.367,94
"180","IB","210","pm25",TRUE,-0.0876475967492179,-2.33818553912286,-0.051849759048131,-0.0352765244711685,-0.0198827163869643,0.00175428820718871,96.4237307692308,23.257,7.195,299.837,99.9230769230769,66,11,1223,315093.294,104
"181","IB","404","pm1",FALSE,-0.255051066909819,-1.42055146465712,-0.208782358179911,-0.0198933212899872,-0.0081955609520266,-0.00139437983396508,99.9105625,73.711,11.351,297.789,66.875,23,11,237,36543.735,16
"182","IB","404","pm1",TRUE,-0.0434835335415092,-0.183757966672625,-0.0560116506781992,-0.0341288864351027,-0.0152427952231802,0.00327382956243842,109.53575862069,54.218,6.897,299.404,105.862068965517,85,12,388,86740.793,29
"183","IB","404","pm10",FALSE,-0.315980725729216,-1.42055146465712,-0.555817404598899,-0.0373716740546054,-0.0194319320424307,-0.00139437983396508,120.041,106.127,17.379,297.789,65.5384615384615,24,11,215,34321.432,13
"184","IB","404","pm10",TRUE,-0.0502906757895861,-0.183757966672625,-0.055432462676476,-0.0366384055631751,-0.0180458380789275,-0.0079836663552255,142.010363636364,110.522,10.634,299.404,87.5454545454545,66.5,11,279,77765.618,22
"185","IB","404","pm25",FALSE,-0.271338521964161,-1.42055146465712,-0.32446070698624,-0.0199953781623911,-0.0114128035967354,-0.00139437983396508,105.814533333333,82.704,12.396,297.789,67.1333333333333,24,11,237,36013.001,15
"186","IB","404","pm25",TRUE,-0.0463613147952166,-0.183757966672625,-0.059185839585268,-0.0348867771049517,-0.01831734275987,0.00327382956243842,117.264851851852,78.003,7.217,299.404,112.074074074074,77,12,365,84680.838,27
"187","IB","409","pm1",FALSE,-0.0252153473649094,-0.0574977502833608,-0.0400344689814932,-0.0213814062736525,-0.0117942201956095,-0.00148816605306084,44.1651666666667,24.372,11.001,170.303,179.958333333333,97.5,11,930,82529.382,24
"188","IB","409","pm1",TRUE,-0.0255467032439173,-0.0955374129241546,-0.0270980568346616,-0.0173180454119067,-0.0100590614078307,0.00606208135154641,30.51746875,15.295,6.411,128.518,115.0625,67,11,665,29144.166,32
"189","IB","409","pm10",FALSE,-0.0261793173003266,-0.0611427122575657,-0.0413307820482718,-0.0230380993350481,-0.0127177307139516,-0.00160702512846584,45.4044166666667,25.57,15.22,170.303,92.4583333333333,56.5,15,882,72343.88,24
"190","IB","409","pm10",TRUE,-0.0332275045135404,-0.0979102616761848,-0.0401307853528943,-0.0208123018693092,-0.0147102117552689,-0.00437669950842945,37.72425,20.675,10.963,128.518,69.1666666666667,33,13,644,20306.981,24
"191","IB","409","pm25",FALSE,-0.0251094058362682,-0.0611427122575657,-0.0406365967894116,-0.0228922435657537,-0.0103414270072938,-0.00154421331518979,44.8164166666667,25.57,12.549,170.303,127.875,84,16,919,76408.547,24
"192","IB","409","pm25",TRUE,-0.0293979819331547,-0.0955374129241546,-0.0337589402918404,-0.0205469514026249,-0.0129952422666985,-0.00244927020217831,32.1060333333333,16.44,8.061,128.518,86.8333333333333,45,15,656,26128.973,30
"193","IB","502","pm1",FALSE,-0.0118404262958562,-0.0432417857440358,-0.0160168710322894,-0.00868480755826837,-0.00544102630944631,-0.00264771315180764,24.892652173913,18.456,10.849,62.883,87.304347826087,70,11,351,31237.377,23
"194","IB","502","pm1",TRUE,-0.0458573547899285,-0.13781765160027,-0.0600273197502231,-0.0401383161999524,-0.0264515805209146,-0.0130225739490231,19.5454814814815,14.345,6.644,62.654,34.4074074074074,22,11,85,8851.351,27
"195","IB","502","pm10",FALSE,-0.0119626851494272,-0.0297407041512033,-0.0158010111508603,-0.00922820397855669,-0.00677333693586897,0.00335753126805129,31.8218666666667,22.765,14.954,62.883,72.2666666666667,40,11,280,22559.929,15
"196","IB","502","pm10",TRUE,-0.0568475862518073,-0.151561705489814,-0.0706898235610276,-0.0574872047453386,-0.0303163684212601,-0.0195125541159647,25.4631666666667,20.828,11.551,62.654,27.6666666666667,18,12,75,6649.857,18
"197","IB","502","pm25",FALSE,-0.0111976591210668,-0.0297388758620994,-0.012832568326764,-0.009004667581959,-0.00598718954101119,-0.00264771315180764,27.7972105263158,19.593,11.755,62.883,85.6315789473684,61,11,331,27558.738,19
"198","IB","502","pm25",TRUE,-0.0517928095899737,-0.151561705489814,-0.0661140250225474,-0.0486617989943191,-0.0288512195540072,-0.0195263122626923,21.7565652173913,18.135,7.512,62.654,29.7391304347826,18,12,78,7728.871,23
"199","IB","513","pm1",FALSE,-0.0103964363127303,-0.0617108128702828,-0.0107547419157992,-0.00735216653238901,-0.00397405896940885,-0.00139329114814193,47.0056363636364,14.1295,10.944,254.337,142.818181818182,76.5,12,403,70404.854,22
"200","IB","513","pm1",TRUE,-0.00959794313654461,-0.0341325070797479,-0.0182881119617842,-0.00546000673441399,-0.00110782463500231,0.00784138596671726,12.08225,8.2555,6.381,37.564,78.5,15,12,309,3313.023,8
"201","IB","513","pm10",FALSE,-0.0111796964174004,-0.033197437334757,-0.00961096831806386,-0.00796925345565883,-0.00510344690415069,-0.00290108679179112,82.0656363636364,24.445,15.303,254.337,150.727272727273,116,15,343,57043.643,11
"202","IB","513","pm10",TRUE,-0.0230011842638631,-0.0341325070797479,-0.0272336575085894,-0.0203348079374309,-0.0174355228559207,-0.0145362377744106,20.233,12.398,10.737,37.564,33.3333333333333,15,11,74,1448.291,3
"203","IB","513","pm25",FALSE,-0.0109614111045472,-0.0617108128702828,-0.00943908898547836,-0.00760989170929056,-0.00431307310846291,-8.12564663131889e-05,55.0861111111111,17.0255,12.102,254.337,160.333333333333,152,11,383,66992.111,18
"204","IB","513","pm25",TRUE,-0.016770833137168,-0.0341325070797479,-0.0234442270678009,-0.0154848415310078,-0.0088114476003749,-0.00198114240690858,17.62225,11.5675,9.79,37.564,62.75,52,13,134,2345.492,4
"205","IB","611","pm1",FALSE,-0.0229728311646461,-0.0602827828768366,-0.0370332849913644,-0.0197662141576918,-0.00819911299920114,0.0059776657960592,24.932975,18.0765,10.88,68.157,92.625,51,11,596,43565.084,40
"206","IB","611","pm1",TRUE,-0.0284950330158547,-0.100241424520954,-0.0370296291402924,-0.0227602707848555,-0.00988662488325043,0.00460221514617067,22.3794905660377,13.098,6.378,272.961,87.6603773584906,41,12,547,45100.763,53
"207","IB","611","pm10",FALSE,-0.0204088505306076,-0.0602827828768366,-0.0306789936614791,-0.0164409189042249,-0.00688503314717458,-0.00216227436035766,29.479,27.404,15.04,68.157,66.5483870967742,43,11,352,27395.147,31
"208","IB","611","pm10",TRUE,-0.0282749223355062,-0.0902514226908133,-0.0349478766892448,-0.0227871169351554,-0.0142496552789243,-0.00248909493468006,30.3754736842105,18.7315,10.731,272.961,62.7105263157895,43.5,11,364,33827.463,38
"209","IB","611","pm25",FALSE,-0.0244498546284274,-0.0602827828768366,-0.0385944604482356,-0.0195265151707174,-0.00885197837955625,-0.00478899511161209,26.3508947368421,20.372,11.85,68.157,82.5526315789474,48.5,11,370,33822.431,38
"210","IB","611","pm25",TRUE,-0.027681411651937,-0.100241424520954,-0.0356766449893827,-0.0222640485555178,-0.0091258717425109,-0.0003067266496979,24.90742,15.0665,7.336,272.961,76.06,37.5,11,394,42360.105,50
"211","IB","612","pm1",FALSE,-0.0132198237443491,-0.061478226304605,-0.0183142533733707,-0.00799489414840836,-0.00437171265147764,-0.0007571326889973,24.8615294117647,16.793,11.068,114.459,150.529411764706,55,11,592,30116.261,17
"212","IB","612","pm1",TRUE,-0.0247030562058093,-0.0669783269461699,-0.0363312751662856,-0.0179622271774278,-0.0118412068445344,0.00443785861426626,14.857625,9.0575,6.393,52.682,48.5625,22.5,11,225,7092.13,16
"213","IB","612","pm10",FALSE,-0.0144163260502447,-0.061478226304605,-0.0192028596249678,-0.00781126945934557,-0.00502585538380959,-0.00235399026345184,30.296,21.018,15.259,114.459,88.4615384615385,60,12,340,21501.775,13
"214","IB","612","pm10",TRUE,-0.0350333515335655,-0.0669783269461699,-0.04816858942914,-0.029788478285534,-0.0195103880218026,-0.0132651746065878,26.3598333333333,22.8195,10.613,52.682,48.1666666666667,39.5,11,114,3657.675,6
"215","IB","612","pm25",FALSE,-0.0137522174134472,-0.061478226304605,-0.0186614937238897,-0.00819897211127768,-0.00386284499994798,-0.00209060350132634,24.7005,16.9875,11.727,114.459,112.222222222222,44,11,514,28683.049,18
"216","IB","612","pm25",TRUE,-0.0272433048075843,-0.0669783269461699,-0.0363312751662856,-0.0223772480516066,-0.0141965738868665,-0.00636507685829711,17.5574166666667,10.421,7.526,52.682,41.3333333333333,17,11,140,4777.965,12
"217","IB","613","pm1",FALSE,-0.0240152545801106,-0.0488327030542991,-0.029784037140446,-0.0224088330163691,-0.0177490253518209,-0.00130167433761797,46.0684,45.911,19.139,80.82,124,55,30,355,11533.373,5
"218","IB","613","pm1",TRUE,-0.0295934979786092,-0.0760580665949531,-0.0384041594396703,-0.0247278449139562,-0.0123843637119965,-0.0038980584769339,50.15275,39.618,14.313,156.211,111.333333333333,78,36,288,17311.77,12
"219","IB","613","pm10",FALSE,-0.0257316758525116,-0.0479209608964052,-0.0379575276262399,-0.0243979148850584,-0.0177490253518209,-0.00063295050303359,46.0684,45.911,19.139,80.82,93.8,36,23,322,10889.041,5
"220","IB","613","pm10",TRUE,-0.028399560630436,-0.0764017165874914,-0.0350804226310363,-0.0253306020210372,-0.0104873636741435,-0.000199027726775,50.15275,39.618,14.313,156.211,69.5,60,14,144,15722.061,12
"221","IB","613","pm25",FALSE,-0.0246190851946879,-0.048686797358652,-0.0313692223973051,-0.0241479138019469,-0.0177490253518209,-0.0011424670637145,46.0684,45.911,19.139,80.82,118.4,55,25,349,11295.263,5
"222","IB","613","pm25",TRUE,-0.0290742639535947,-0.0762538029718575,-0.0387061888843417,-0.0254746772059834,-0.0118605207556145,-0.000199027726775,50.15275,39.618,14.313,156.211,103.666666666667,72.5,30,276,16781.161,12
"223","LF","admin","pm1",FALSE,-0.00171619883065299,-0.00485338149481272,-0.0017619294024032,-0.00138530799175986,-0.00066655584011376,8.61805758246048e-05,5.20617606381992,3.35797202118815,3.09004714246232,12.4657464321495,1258.4,660,352,4048,28192.081110172,5
"224","LF","admin","pm1",TRUE,-0.00148443268337244,-0.00321532036460015,-0.00205284168810213,-0.00154892169443086,-0.00067172643817103,-0.00017765047202976,4.10705023742896,3.956031577771,2.72006055948296,5.65854480422974,1142.85714285714,1200,500,1500,23152.5074313402,7
"225","LF","admin","pm10",FALSE,-0.00298129507756181,-0.00531376693270317,-0.00303887515149752,-0.00277389939361716,-0.0025212336370959,-0.0014619926230536,10.583479063419,9.47116126435713,5.34627462488448,17.3913610714285,836,704,352,1584,34524.6827723311,6
"226","LF","admin","pm10",TRUE,-0.00156722609193432,-0.00427564261843818,-0.00198786253073782,-0.00123677707737996,-0.000698504212196883,-0.00041076647550596,4.51959211608252,4.41702029633226,2.97174305730652,6.46904977999194,937.5,900,300,1500,27891.2810832936,8
"227","LF","admin","pm25",FALSE,-0.00132503866351857,-0.00289179344683472,-0.00196509824761401,-0.00115642280180275,-0.00065997366721707,-0.00014500653364538,5.73582189545037,4.03369554842446,3.63788946954289,13.3144847009526,664,528,264,1584,35654.1357106377,11
"228","LF","admin","pm25",TRUE,-0.00138941555531319,-0.00267910161929126,-0.00183818186862543,-0.00120715803464625,-0.000895566628218207,-0.00051900380309923,4.19479630421976,3.66897587491663,2.92478423639272,6.23494049224978,962.5,1050,200,1500,25647.3403274663,8
"229","LF","class1","pm1",FALSE,-0.00203335039022307,-0.0043174931562907,-0.00354096054605603,-0.0019811465217397,-0.00033271832533987,-0.00017997387680306,4.54342040104219,3.13408364255103,2.76815962797889,13.1389459724012,794.125,496.5,160,3200,25436.0177132715,8
"230","LF","class1","pm1",TRUE,-0.00279194233867075,-0.00538873738906936,-0.0040491553060137,-0.00305967457187805,-0.00094689485725713,-0.00051524956913551,4.51317845459404,4.95703840328231,3.14860086861321,5.72275083757731,1170,1260,810,1350,17430.6607527873,5
"231","LF","class1","pm10",FALSE,-0.00304604349835117,-0.00454569249224618,-0.00357701303592294,-0.00278714673053049,-0.00261370214169539,-0.00160803491044488,9.67801169043663,7.00891042703819,4.80237396290532,19.2588615432932,834.285714285714,880,400,1120,34391.6560409483,7
"232","LF","class1","pm10",TRUE,-0.00241314496120638,-0.00543422648666358,-0.00347354739658267,-0.0017486752066459,-0.00093058360494187,-0.00047869211119787,4.87255486393924,5.42563667163318,3.39203362881319,5.93265316939945,1098,1170,630,1350,18663.0785748333,5
"233","LF","class1","pm25",FALSE,-0.00228093810638727,-0.00435527629265683,-0.0025706294582697,-0.00225523702011159,-0.00188841214905856,-0.00067569876127769,6.93812185689486,4.91376658506016,3.73432748249503,14.2980709778423,830,920,480,1120,30340.1187101496,8
"234","LF","class1","pm25",TRUE,-0.00237359407037203,-0.00494483262332257,-0.00377407454315528,-0.00171114212067931,-0.00093758229316177,-0.00050033877154121,4.74031235579782,5.30904266610721,3.27883526148684,5.8684346125055,1170,1260,810,1350,18481.5890478961,5
"235","LF","class3","pm1",FALSE,-0.00122590912569916,-0.00428539748166506,-0.0019877974225056,-0.00023389377556554,-0.000143754697203362,0.0002010316167544,4.38853429774773,3.11153400398347,2.78506251897239,9.88196480657144,595.428571428571,564,136,1156,14527.2926022759,7
"236","LF","class3","pm1",TRUE,-0.00248223171824049,-0.00468595368818143,-0.00337046886598573,-0.00278174458466658,-0.00083364690459588,-0.00073934454777282,4.2286394833739,4.51279586871697,2.80952911192853,5.06584124714042,1242,1260,1080,1440,17283.844117022,5
"237","LF","class3","pm10",FALSE,-0.00554658662857245,-0.00866075153309452,-0.00745354649658571,-0.00565482023874152,-0.00374786037072826,-0.00221595450371221,12.6733555341427,12.7602669955122,5.26708841087175,19.9057997346747,663,680,204,1088,20973.4737113037,4
"238","LF","class3","pm10",TRUE,-0.00242167973051417,-0.00551878714779408,-0.00380198108224144,-0.00198636126705122,-0.000965180688834373,-0.00041417152358806,4.28651027651418,4.03958455134439,3.05509193644549,6.2188687656127,639,495,270,1080,21365.5430339935,10
"239","LF","class3","pm25",FALSE,-0.00274217506973008,-0.00444662590500175,-0.00352848234974459,-0.00336266576096073,-0.00176291919447619,-0.00061018213846716,6.58986323247004,5.24842494774413,3.49878939376659,10.9177146587337,639.2,612,204,1088,14502.9692936623,5
"240","LF","class3","pm25",TRUE,-0.00210706480063495,-0.00357968983257408,-0.00284887283002643,-0.0025535401270421,-0.00082783035037096,-0.00072539086316118,4.45372831662986,4.63195447994259,2.96031804698767,5.41892263735536,1170,1260,720,1440,18454.1760144442,5
"241","MF","10","pm1",FALSE,-0.034205929726066,-0.555939761997867,-0.0041917991177385,-0.00367677890482366,-0.00192128692605461,6.75527777730293e-05,42.8577777777778,17.803,6.576,330.013,924.055555555556,650,9,1896,237896.688,18
"242","MF","10","pm1",TRUE,-0.0214346291221377,-0.0263784264539263,-0.0245635521711151,-0.0213002880472885,-0.018171364998311,-0.0167595139400473,15.633,13.2025,5.165,30.962,159,151,105,229,5791.695,4
"243","MF","10","pm10",FALSE,-0.67781215671564,-2.25168275396905,-1.28678290731949,-0.394667855876936,-0.00446040923495868,-0.00072240319675353,45.3688783783784,19.3295,12.954,994.38,271.364864864865,12.5,3,2923,442521.612,74
"244","MF","10","pm10",TRUE,-1.19622132625771,-2.90970834358933,-1.70145636382844,-1.25499067944935,-0.189869878009251,0.0322984303889441,21.5956829268293,14.645,11.297,63.917,40.9756097560976,6,3,372,26008.537,41
"245","MF","10","pm25",FALSE,-0.00277843590622032,-0.0058367278123049,-0.00367849269296459,-0.00293703211737056,-0.00195726727818045,3.34331735800315e-05,54.9211875,19.962,7.484,430.477,1051.6875,656.5,369,2311,260233.475,16
"246","MF","10","pm25",TRUE,-0.0207977479736748,-0.0242412290039404,-0.021879272904994,-0.0195173168060476,-0.0190760074585419,-0.0186346981110363,21.6276666666667,22.211,11.142,31.53,197,202,154,235,7070.463,3
"247","MF","11","pm1",FALSE,-0.0203985913788847,-0.0518123236632518,-0.0242902702860125,-0.0197347895914637,-0.0127470715305761,-0.00239618220320795,34.0390434782609,16.978,6.445,212.573,378.869565217391,212,70,3550,83777.26,23
"248","MF","11","pm1",TRUE,-0.0189749352881989,-0.0321711804464108,-0.0269768903773136,-0.0186941682636778,-0.0138910927401738,-0.00048912480271543,91.6171666666667,49.637,7.679,280.986,901.833333333333,465,106,4656,131134.855,12
"249","MF","11","pm10",FALSE,-0.369253352179249,-2.74369521874171,-0.0716661884031451,-0.0298883729018812,-0.00837646651803585,0.00033624748905239,194.167490909091,82.593,14.413,1513,263.236363636364,139,3,2887,652394.719,55
"250","MF","11","pm10",TRUE,-0.154688221778995,-1.29959221804473,-0.0576883689183213,-0.0305235969638973,-0.00951587145613747,0.0011662551211894,186.237,96.624,12.632,648.092,393.423076923077,188.5,3,3426,360255.002,26
"251","MF","11","pm25",FALSE,-0.0177787690157199,-0.0335394224729504,-0.0222304553649338,-0.0184967837708921,-0.0149239041276379,-0.00155159975229745,52.6172380952381,26.47,7.524,236.189,496.666666666667,300,90,3567,116749.482,21
"252","MF","11","pm25",TRUE,-0.0201316953483514,-0.0383301672589478,-0.0295574418713609,-0.0187062252291797,-0.0127453254106096,-0.00041643936644531,98.7319230769231,47.433,8.922,458.266,804.538461538462,444,86,4693,147302.192,13
"253","MF","2","pm1",FALSE,-0.00098875306767823,-0.00183622030524066,-0.00141248668645944,-0.00098875306767823,-0.000565019448897015,-0.0001412858301158,66.3525,66.3525,32.921,99.784,3509,3509,1840,5178,118403.008,2
"254","MF","2","pm1",TRUE,-0.00737681755656935,-0.0623752498521272,-0.00179959456774218,-0.00112482448580017,-0.0004386878858454,0.00155908340128775,13.4329,5.8465,4.633,75.846,1614.4,1364.5,89,5250,100460.789,10
"255","MF","2","pm10",FALSE,-0.00589963571639789,-0.0188995585974762,-0.0101468144315152,-0.00349431776655519,-0.000235394179851927,0.00013936836831396,51.784375,16.686,13.14,258.393,855.125,309,52,3438,246125.139,8
"256","MF","2","pm10",TRUE,-0.0104326846558518,-0.0580724158712482,-0.0154456251162193,-0.00495144289786555,-0.00167078136976383,0.00247881519493697,27.5613684210526,22.289,11.609,121.321,559.263157894737,382,45,2248,172358.577,19
"257","MF","2","pm25",FALSE,-0.00448403554706618,-0.012364421824891,-0.00654326025085544,-0.00072209867681988,-0.000543842408153765,-0.00036558613948765,65.7523333333333,38.303,9.118,149.836,2408.66666666667,1950,110,5166,163379.935,3
"258","MF","2","pm25",TRUE,-0.00722715837537341,-0.0475362533322192,-0.00539644662014159,-0.00118661798921425,-0.00038150543567235,0.00103873558868629,17.8033333333333,11.353,5.79,86.232,1641.22222222222,1661,123,3839,123604.871,9
"259","MF","3","pm1",FALSE,-0.00559954533155584,-0.0100057607450737,-0.00745516644578751,-0.00540370842421059,-0.00354808730997892,-0.00158500373272848,44.276,42.304,6.707,85.789,1317.25,1005.5,469,2789,62028.734,4
"260","MF","3","pm1",TRUE,-0.018255939123317,-0.0446601492522071,-0.0230105884836903,-0.0139272818961221,-0.00655733040887149,-0.00212156439735293,17.774875,10.6385,6.746,47.617,605,500.5,46,1548,20716.648,8
"261","MF","3","pm10",FALSE,-0.0121890290512131,-0.0426574595978237,-0.00798888303866526,-0.00713926838071663,-0.00673651135426046,-0.00426970681885859,47.8061111111111,39.015,16.173,108.229,476.444444444444,302,57,1084,88497.86,9
"262","MF","3","pm10",TRUE,-0.0207644563242475,-0.0498246863261445,-0.026490345648225,-0.0220691720534929,-0.0126043290123439,-0.00219016051512481,64.0809333333333,39.786,13.873,206.949,323.733333333333,296,58,1075,62035.908,15
"263","MF","3","pm25",FALSE,-0.00534853839577483,-0.009765394424142,-0.00654800333611944,-0.00487590793155389,-0.00418433685465064,-0.00136904943240817,40.6454,18.026,8.695,91.591,1076.2,925,322,2562,72082.694,5
"264","MF","3","pm25",TRUE,-0.0167269581617825,-0.0371263747669572,-0.0232732857558706,-0.0120929301463318,-0.00652369144382827,-0.00486891083565365,26.17,22.2045,7.74,48.175,756.5,814.5,61,1585,33544.228,8
"265","MF","5","pm1",FALSE,-0.00698349462104695,-0.0253274535001068,-0.00844742411958984,-0.00295254745279278,-0.00083378844899045,-0.00035695363926561,27.0884444444444,19.013,7.42,78.43,2516.33333333333,1026,154,10690,143533.179,9
"266","MF","5","pm1",TRUE,-0.00761353227724968,-0.0349963559975957,-0.00424959815438641,-0.00282764444004475,-0.00101318184852769,0.00010239492470942,13.8201666666667,5.648,4.869,54.295,729.5,639,65,1640,18468.236,6
"267","MF","5","pm10",FALSE,-0.0302861722544572,-0.285511474338108,-0.0238786592241773,-0.0113989688124517,-0.00450603810851922,-0.00018767176624934,36.0385161290323,23.17,13.123,236.566,597.096774193548,158,12,4989,174164.918,31
"268","MF","5","pm10",TRUE,-0.945329056470766,-3.00525566780603,-1.72701264213168,-0.0445867854349869,-0.0104864975589176,-0.00030483914328384,24.5695333333333,17.519,12.476,60.971,196.2,55,3,1330,22887.381,15
"269","MF","5","pm25",FALSE,-0.0125642455742161,-0.0704047070129631,-0.0181964476084503,-0.00395390558083826,-0.00223789100854596,-0.00017331445424637,31.0180769230769,20.005,7.592,133.593,1671,771,44,10511,156719.838,13
"270","MF","5","pm25",TRUE,-0.00776411874000638,-0.0244506632727049,-0.00934501712317875,-0.0031262227604254,-0.00154532437725304,-0.00035336616646982,18.847,6.999,6.074,55.316,814,769.5,77,1640,17867.654,4
"271","MF","6","pm1",FALSE,-0.00360881385996399,-0.0118544790856265,-0.00528898304406725,-0.00156397605546077,-0.00057837410386496,-0.00010852758279623,39.0591428571429,20.646,6.859,94.637,2505.42857142857,1135,389,6113,194322.705,7
"272","MF","6","pm1",TRUE,-0.00490299866171695,-0.0172926968832573,-0.00704628107963517,-0.00022804656958268,-8.09473518239858e-05,0.0001329785757144,21.1446,14.638,5.722,38.24,2674.4,1932,128,5944,121102.433,5
"273","MF","6","pm10",FALSE,-0.0074075200232047,-0.0210414414853836,-0.0121983985952536,-0.00544352840453483,-0.00112069097772512,-0.0002624066909334,87.6354166666667,41.316,16.13,262.085,1223.16666666667,792,26,4687,338733.375,12
"274","MF","6","pm10",TRUE,-0.0756477783041552,-0.797524444693584,-0.022492911785906,-0.0111126276756478,-0.00296439566304854,-0.00041149546168497,99.1075384615385,36.13,11.348,810.591,1076.46153846154,534,32,2743,281658.152,13
"275","MF","6","pm25",FALSE,-0.00404469030003054,-0.0132738666565268,-0.00545254376122075,-0.00182659209475996,-0.00091105629136889,-0.00048517324374773,52.432,34.87,16.596,123.203,2235.85714285714,2110,440,5175,215953.395,7
"276","MF","6","pm25",TRUE,-0.00440930288229927,-0.0149439965593607,-0.00424300184712226,-0.00370518294360098,8.61631892835342e-05,0.00075950374930408,21.157,19.763,5.982,41.047,2745.4,2091,128,8233,144570.767,5
"277","MF","7","pm1",FALSE,-0.0217492333499523,-0.105792479437082,-0.0204027149487419,-0.0106232003481078,-0.00721013599597799,-0.00057244201865681,99.0617272727273,27.079,7.267,384.962,688.363636363636,408,136,2813,193207.791,11
"278","MF","7","pm1",TRUE,-0.0138975043052535,-0.0345734800673292,-0.0207049671197356,-0.0144968116254,-0.00614273906308604,-0.00094828133809927,47.0849090909091,38.63,6.342,137.603,579.909090909091,410,218,1281,57964.612,11
"279","MF","7","pm10",FALSE,-0.0246988942602931,-0.0879155614781971,-0.036816901700576,-0.0103362196859851,-0.00621961820148842,-0.00270098622031288,111.519733333333,57.615,13.006,459.113,520.333333333333,315,27,2752,245548.433,15
"280","MF","7","pm10",TRUE,-0.0703440782059845,-0.645820634072185,-0.059627829614326,-0.0163215076596987,-0.0115350197211362,-0.00213079782773784,116.984875,75.19,12.342,657.5,408.1875,392.5,13,1228,123256.903,16
"281","MF","7","pm25",FALSE,-0.0194506414666008,-0.100438791049477,-0.0148710787112952,-0.011074411619977,-0.0051932676645014,-0.0008580372535764,109.179454545455,28.421,11.773,459.043,728.909090909091,407,99,2797,210420.502,11
"282","MF","7","pm25",TRUE,-0.122824637505655,-1.32947407723856,-0.021835012309478,-0.01635673669426,-0.00550149046613544,-0.00061957924806545,51.4489166666667,45.6655,7.495,139.66,548.916666666667,402.5,5,1341,72533.377,12
"283","MF","8","pm1",FALSE,-0.0314348847159773,-0.0983774993474521,-0.0323072248442139,-0.0164142011014601,-0.0149999117195987,-0.0106382194353035,70.63,14.869,9.316,329.695,202.285714285714,233,22,372,21809.88,7
"284","MF","8","pm1",TRUE,-0.0384097518148534,-0.0475887777812949,-0.0413967216382292,-0.0352046654951635,-0.0338202388316326,-0.0324358121681018,23.8726666666667,16.433,7.588,47.597,98.3333333333333,88,60,147,1968.996,3
"285","MF","8","pm10",FALSE,-0.0443834734318511,-0.266194373299163,-0.0504792650484201,-0.0203163386489924,-0.0118500223767142,-0.0026445586350246,81.5072222222222,27.5535,13.444,638.038,124.222222222222,93.5,13,355,50976.578,18
"286","MF","8","pm10",TRUE,-0.0702830556276602,-0.241556655821578,-0.0733852792855863,-0.0570839920892418,-0.0314639386850447,-0.0219898703529519,49.9403571428571,29.3475,11.371,320.079,149.214285714286,68,11,566,25461.468,14
"287","MF","8","pm25",FALSE,-0.0688570468876721,-0.286007277827446,-0.0513691954466033,-0.0217787981199722,-0.0154434540562754,-0.0112074814509302,89.4545,19.1745,7.928,622.283,168.3,121,18,378,32104.296,10
"288","MF","8","pm25",TRUE,-0.0484930380762795,-0.0721481001192551,-0.0525139066489345,-0.0459779406887528,-0.040403762275073,-0.0314214806493821,29.0736,13.741,7.644,65.699,131.6,85,35,341,5058.476,5
"289","RH","business_s1","pm1",FALSE,-0.00626143985480257,-0.014369397109874,-0.00865290086397752,-0.00514565166791531,-0.00361920850001207,-0.0001631606173445,3.20198675707071,3.06505376388558,2.50371717931731,5.16964470255527,90.5333333333333,75,50,250,2590.82375920798,15
"290","RH","business_s1","pm1",TRUE,-0.0117131031176683,-0.0162009313774593,-0.0139570172475638,-0.0117131031176683,-0.00946918898777286,-0.00722527485787738,3.30577859003501,3.30577859003501,0.642802337103746,5.96875484296627,264,264,176,352,500.18038446493,2
"291","RH","business_s1","pm10",FALSE,-0.0106720413998239,-0.0318542790234008,-0.0152494567296434,-0.00800625281896323,-0.00532171980376539,-0.00342496842636629,4.34383907552183,4.08550450622825,2.79241830847482,8.61362129498616,92.6470588235294,100,50,175,3344.09654625658,17
"292","RH","business_s1","pm10",TRUE,-0.0284419342359346,-0.0350854944062594,-0.0337197439356249,-0.0323539934649903,-0.0251201541507723,-0.0178863148365542,6.1964918703748,6.53739764261436,1.47694742382395,10.5751305446861,190.666666666667,132,88,352,873.782792668108,3
"293","RH","business_s1","pm25",FALSE,-0.00593604665664671,-0.0152494567296434,-0.00835785099845114,-0.00470143112091392,-0.0036395758276441,-0.00029960700078189,3.37559870680325,3.26427983843229,2.62688309008286,5.27551990620647,84.875,75,50,150,2590.33120978609,16
"294","RH","business_s1","pm25",TRUE,-0.0159733112472687,-0.0159733112472687,-0.0159733112472687,-0.0159733112472687,-0.0159733112472687,-0.0159733112472687,6.51744680710083,6.51744680710083,6.51744680710083,6.51744680710083,352,352,352,352,503.546711569674,1
"295","RH","business_s2","pm1",FALSE,-0.0198924863239742,-0.0419630194779428,-0.0259733262512977,-0.0170677557578631,-0.0123112896116011,-0.00607268824018322,3.959345,3.6344,2.7518,6.6208,59.2,48,32,144,1953.41055,20
"296","RH","business_s2","pm1",TRUE,-0.0814275976467792,-0.145098286612114,-0.117918448085984,-0.0738916048600435,-0.0465045821264768,-0.0306032167040935,4.12303571428571,2.60755,1.2422,11.7559,55.7142857142857,48,24,156,661.4146,14
"297","RH","business_s2","pm10",FALSE,-0.0351314882208068,-0.309611504772223,-0.0274942750025108,-0.0214240229116009,-0.0125918303272528,-0.00627254037764127,4.92414,4.573,2.7707,7.6015,62.5,64,32,192,2490.2525,20
"298","RH","business_s2","pm10",TRUE,-0.0792998063549369,-0.139975473817808,-0.112592358950173,-0.0844244502314435,-0.0501600670695111,-0.00144198891346593,4.95404285714286,3.979,1.6399,11.9578,42,36,24,120,1045.07325,14
"299","RH","business_s2","pm25",FALSE,-0.019506519484746,-0.0400118428245488,-0.0275519874819515,-0.0163491496488473,-0.0121869978260539,-0.00440820096695922,4.067245,3.6901,2.7707,6.7411,58.4,48,32,144,1987.28165,20
"300","RH","business_s2","pm25",TRUE,-0.0794167128590469,-0.143150100632119,-0.116014116739769,-0.0715025875090008,-0.0427025506491097,-0.0302337710223773,4.20862142857143,2.6982,1.3584,11.7789,52.2857142857143,48,24,156,691.73105,14
"301","RH","principal_s1","pm1",FALSE,-0.00322906001292524,-0.0058614965783733,-0.00435918187495756,-0.00210896996082463,-0.00195268219986431,-0.00186296945060639,6.64838,6.9281,4.1755,9.3138,500.2,400,50,975,4968.4181,5
"302","RH","principal_s1","pm1",TRUE,-0.00643925410427536,-0.0361057499321109,-0.00579934464385457,-0.00319403019652021,-0.00207012257327597,-0.00102820665383015,2.1443343338221,1.19060558790083,0.838669974952254,9.98908670279921,316.285714285714,176,88,1496,3612.09668449878,14
"303","RH","principal_s1","pm10",FALSE,-0.0086999163740529,-0.047153711145432,-0.00615065959568241,-0.0030179738982839,-0.00194768622246341,-0.00015483131337762,8.953825,7.75735,4.303,22.774,312.625,175,75,801,9038.6393,8
"304","RH","principal_s1","pm10",TRUE,-0.0081568572762841,-0.0346507978708816,-0.00835867297280768,-0.0052934745948385,-0.00263071752619668,-0.00065623032342812,3.05772232805226,2.01909826345496,1.4409980339305,12.1599374296672,210.857142857143,132,72,1144,4892.65136368754,21
"305","RH","principal_s1","pm25",FALSE,-0.00255629674389249,-0.00461727780149567,-0.00256834114522319,-0.00227265298383043,-0.00201032487350126,-0.00158541065845277,6.63268333333333,6.68215,4.2591,9.5625,416.833333333333,287.5,75,901,5628.9819,6
"306","RH","principal_s1","pm25",TRUE,-0.00524468183872462,-0.0341018202181989,-0.00491724676377207,-0.00254729712576645,-0.00189148956391975,-0.00087961068883205,2.31546189859697,1.32017217150866,1.0051082811395,10.9317413378242,295.2,176,88,1496,4168.37842959956,15
"307","RH","principal_s2","pm1",FALSE,-0.0035389868900157,-0.0090791682313096,-0.00550166023236127,-0.00260823152987556,-0.00105412246316341,-0.00015130315622402,4.36483636363636,3.8425,2.7754,6.0478,202.909090909091,96,48,576,6137.87275,11
"308","RH","principal_s2","pm1",TRUE,-0.00457172518979797,-0.020043608709393,-0.00430553779692923,-0.00371902699244903,-0.00278480277181439,-0.00063494854978853,1.82350952549831,1.0159459187692,0.899543138980021,6.55707028740582,370.5,176,88,1584,2916.19996846921,12
"309","RH","principal_s2","pm10",FALSE,-0.00919864317297782,-0.0365360528510102,-0.0133317214532819,-0.00674376036568201,-0.000449095066071632,-1.20134550525288e-05,7.76182857142857,5.71835,3.9881,31.789,154.285714285714,84,48,552,8494.3732,14
"310","RH","principal_s2","pm10",TRUE,-0.0122008995212795,-0.0854251019674033,-0.00907454924907521,-0.00611550224549695,-0.0026890473198692,-0.0007395142244662,3.42246415686483,2.12491827766176,1.22872382538569,8.1294,296.4,220,88,1188,4160.66581145176,15
"311","RH","principal_s2","pm25",FALSE,-0.00332179175753624,-0.00773629116338995,-0.00573474362140077,-0.00232862497309812,-0.00117790274756453,-0.00044305847332458,4.81554,4.8148,3.1587,6.6155,223.2,120,48,624,6513.1319,10
"312","RH","principal_s2","pm25",TRUE,-0.00437183658731422,-0.0189835763620038,-0.00475097038499315,-0.00364124680879837,-0.00108896740699031,-0.0001519862447547,2.04883084983984,1.3575193657546,0.965983989870412,7.0914375919052,370.5,198,88,1584,3251.94310114522,12
"313","RH","superintendent_assist","pm1",FALSE,-0.00551365708330244,-0.0128248169688397,-0.00760442246082192,-0.00384524164314122,-0.00263206252817723,-0.00168459378367729,3.75083333333333,3.4599,2.6989,5.8636,131.866666666667,100,50,325,3252.5313,15
"314","RH","superintendent_assist","pm1",TRUE,-0.00597270708254891,-0.0397331688090126,-0.00489636368102418,-0.00331912994834336,-0.00251143643131196,-0.00089677737467474,1.68408077814676,1.1027358142268,0.780011329969035,9.02628213972926,244.882352941176,159,88,968,2618.21654846822,17
"315","RH","superintendent_assist","pm10",FALSE,-0.0125534540760523,-0.0342604422558999,-0.0171340481450484,-0.0107626584931172,-0.00529283067113367,7.36003782962668e-05,5.49765714285714,5.4571,2.8155,8.353,135.928571428571,100,50,550,5519.3026,14
"316","RH","superintendent_assist","pm10",TRUE,-0.00890588291436514,-0.0358736662053134,-0.0109243301847363,-0.00527764017272302,-0.00314076879199158,-0.00024522621282251,2.56718570718031,1.77606398715153,1.04875523598731,10.5305036374386,149.033333333333,132,88,484,4642.21613497632,30
"317","RH","superintendent_assist","pm25",FALSE,-0.00554183032462909,-0.0128989071468082,-0.00738021010463472,-0.00413939660074825,-0.00259345930799204,-0.00168726426271556,3.87166428571429,3.5085,2.7962,6.9285,141.285714285714,100,50,603,2989.3111,14
"318","RH","superintendent_assist","pm25",TRUE,-0.00564641350970221,-0.0366204953755959,-0.00512750399398832,-0.00344015451362258,-0.00191739483552218,-0.00081498422242844,1.79870555039868,1.17331180501612,0.844905003059228,9.51197424871725,238.611111111111,167.5,88,1012,2897.13748743138,18
"319","SS","front","pm1",FALSE,-0.22870744910317,-0.674532884289647,-0.373526674057083,-0.229137404788263,-0.027414166421221,-0.00419022369161199,2.58905,2.3546,1.3748,5.1248,49.34375,6.5,3,743,3728.8318,32
"320","SS","front","pm1",TRUE,-0.171546644195389,-0.566187121094277,-0.249425485823571,-0.190137684085149,-0.0159776575535171,0.00132190121487506,2.25731538461538,1.99145,1.0565,5.0212,137.884615384615,9.5,3,2226,9278.292,26
"321","SS","front","pm10",FALSE,-0.450367990448735,-1.76462760981519,-0.625302775715799,-0.443084835617226,-0.0924380900013062,-0.00269748137481888,9.547034375,5.21705,2.4374,34.4026,39.375,5,3,311,8782.9808,32
"322","SS","front","pm10",TRUE,-0.3934246536704,-1.70815978857782,-0.648247309499675,-0.249283009267937,-0.0428231528962367,0.00130552080249992,6.83721891891892,4.4695,1.7898,19.0139,70.5675675675676,5,3,679,13271.2714,37
"323","SS","front","pm25",FALSE,-0.192669688016461,-0.623633267153062,-0.353579456566232,-0.154636933420222,-0.020652674424938,0.00029448009261054,3.4128935483871,2.6531,1.5569,13.7065,73.0322580645161,8,3,568,6554.1811,31
"324","SS","front","pm25",TRUE,-0.17310592398276,-0.548908629996676,-0.286935121308512,-0.177574974006682,-0.0117813790513952,-0.00063722652074757,2.80714642857143,2.11845,1.3114,7.1266,146.5,6.5,3,2198,11929.8079,28
"325","SS","kitchen","pm1",FALSE,-0.254398916329132,-0.596352449911134,-0.380797693211093,-0.263324988596823,-0.149493377919372,-0.00531666569840941,2.18167096774194,1.9732,1.2648,8.5481,37.7741935483871,5,3,745,2703.8797,31
"326","SS","kitchen","pm1",TRUE,-0.238298629742532,-1.38964031593255,-0.2880659303317,-0.154958981725117,-0.0200222369835234,-0.0005703570308876,2.26248,2.0829,1.1266,5.5074,134.133333333333,6.5,3,2217,10800.6701,30
"327","SS","kitchen","pm10",FALSE,-0.494728356312248,-1.13519955727167,-0.65810223636547,-0.493653785824193,-0.242378580152724,-0.00639208668494471,7.29678518518519,5.8943,2.3023,22.9466,18.4074074074074,5,3,279,2853.6618,27
"328","SS","kitchen","pm10",TRUE,-0.327488497549791,-1.6590841041823,-0.382920743152825,-0.18139820587867,-0.0331486543850158,-0.00050697026458332,8.03211111111111,4.1358,1.858,36.7767,71.8055555555556,7.5,3,837,10998.4063,36
"329","SS","kitchen","pm25",FALSE,-0.14297600748855,-0.328722817641615,-0.235723483352362,-0.127998595805675,-0.0351189371711599,-0.0045333292037351,3.01500357142857,2.44135,1.5089,9.9758,40.75,6,3,711,3149.5685,28
"330","SS","kitchen","pm25",TRUE,-0.197967192303119,-1.28184797258495,-0.277536724484616,-0.0398848853463891,-0.00674337300419353,0.00013116608258318,2.86628,2.42595,1.2908,7.0545,131.266666666667,24,3,2130,11645.7033,30
"331","SS","toddler","pm1",FALSE,-0.184259726785581,-0.362010837989856,-0.265126793113872,-0.187748807248034,-0.1388735116918,-0.00014558580108072,1.785192,1.6657,1.2429,3.3801,33.88,5,3,638,1728.0215,25
"332","SS","toddler","pm1",TRUE,-0.209406102972876,-0.823220382545724,-0.310990983780517,-0.192128415483902,-0.0310005404054653,-0.00033957415456155,1.84510588235294,1.5176,1.0492,4.2314,84.8235294117647,5.5,3,672,6272.234,34
"333","SS","toddler","pm10",FALSE,-0.498963283184274,-1.47372693630279,-0.759645903540617,-0.427706189028553,-0.238515071117215,-0.00397797260621593,13.3142884615385,4.9191,2.2047,77.4575,29.5384615384615,5,3,247,7169.4686,26
"334","SS","toddler","pm10",TRUE,-0.346211703488615,-1.30662362935405,-0.527145704459384,-0.316173403907795,-0.0363917552292135,-0.00120177770234848,14.0325,3.24185,1.7948,110.5197,49.2105263157895,5.5,3,545,14330.048,38
"335","SS","toddler","pm25",FALSE,-0.197700802570409,-1.2983958489602,-0.24869835024257,-0.162744737525752,-0.030160257705006,-0.00521055103232081,2.77558333333333,1.9315,1.622,10.2838,38.9583333333333,5,3,587,2550.3098,24
"336","SS","toddler","pm25",TRUE,-0.222866403294992,-1.37432243557642,-0.258719875609995,-0.186789980490953,-0.0149685838917738,-0.00040187095072944,3.13254848484848,1.9467,1.2562,14.1005,96.5454545454545,6,3,754,8268.9159,33
