"","peak_idx","valley_idx","peak_hgt","k_val","conv_tol","case","participant","particle"
"peaks_x",41,61,6.4194,0.0618034216260582,1.6640552716893e-06,"sham","41181","1"
"peaks_x1",303,339,9.1797,0.0396807710936086,2.71565594953076e-06,"sham","41181","1"
"peaks_x2",618,680,18.9397,0.0601008722476869,4.50689125920801e-07,"sham","41181","1"
"peaks_x9",41,61,20.6316,0.119950526906697,3.61974563354545e-06,"sham","41181","2.5"
"peaks_x11",196,227,11.3175,0.0801759718580572,1.01440500369606e-06,"sham","41181","2.5"
"peaks_x21",291,339,17.802,0.0465349960643967,2.14883001947743e-07,"sham","41181","2.5"
"peaks_x3",618,680,23.9901,0.0716560059389306,1.30211504844966e-06,"sham","41181","2.5"
"peaks_x10",40,72,126.2177,0.364867485526081,4.10551367321386e-07,"sham","41181","10"
"peaks_x12",194,210,64.9651,0.354497716865438,4.12038500467303e-06,"sham","41181","10"
"peaks_x22",290,318,78.0718,0.353215798218344,6.82475867114201e-07,"sham","41181","10"
"peaks_x31",440,452,215.0893,0.452578899589603,2.21808629401901e-06,"sham","41181","10"
"peaks_x4",461,486,63.8133,0.64314140764542,3.39093278376832e-06,"sham","41181","10"
"peaks_x5",571,595,21.4032,0.207963492394311,1.9944169488671e-06,"sham","41181","10"
"peaks_x6",618,697,27.479,0.0717576100151489,2.8169718255029e-07,"sham","41181","10"
"peaks_x7",859,872,55.6148,0.705102081603716,2.91702396606174e-06,"sham","41181","10"
"peaks_x8",1037,1044,97.0681,1.11307973565669,5.88017340837473e-06,"sham","41181","10"
"peaks_x13",49,57,10.0816,0.551544533307831,6.01895948690849e-06,"hepa","41181","1"
"peaks_x14",182,190,11.2146,1.90040678966031,6.68936800227496e-06,"hepa","41181","1"
"peaks_x23",280,286,11.4441,0.624396510683362,1.35011437683773e-06,"hepa","41181","1"
"peaks_x33",455,463,8.7046,0.595070842956745,1.59025673162468e-06,"hepa","41181","1"
"peaks_x43",498,507,12.5291,0.624603323086859,6.52247218655093e-07,"hepa","41181","1"
"peaks_x53",715,722,22.3738,1.32921024087997,8.6814648390306e-07,"hepa","41181","1"
"peaks_x63",752,763,19.2337,0.427735546282762,2.9536460579978e-07,"hepa","41181","1"
"peaks_x91",49,62,14.7576,0.536597101554048,4.69102210295896e-07,"hepa","41181","2.5"
"peaks_x111",182,190,11.8368,1.78257565956379,1.19552726496759e-06,"hepa","41181","2.5"
"peaks_x211",290,304,16.0041,0.204288519131008,6.38459935146167e-07,"hepa","41181","2.5"
"peaks_x311",455,468,12.7378,0.550852014455711,1.01614847741163e-06,"hepa","41181","2.5"
"peaks_x41",498,507,12.633,0.624428890506176,6.44735861605406e-07,"hepa","41181","2.5"
"peaks_x51",715,728,37.6535,1.21012104230744,7.00550781455601e-07,"hepa","41181","2.5"
"peaks_x61",752,761,27.9838,0.450388031354325,6.28101101980909e-07,"hepa","41181","2.5"
"peaks_x72",843,855,22.5968,0.329797201628234,4.74725161733074e-06,"hepa","41181","2.5"
"peaks_x101",10,20,81.0508,0.573036025111336,3.78191668447605e-07,"hepa","41181","10"
"peaks_x121",49,53,26.7035,0.833829915183127,4.82290061143159e-06,"hepa","41181","10"
"peaks_x221",291,301,93.9738,0.133802534991722,5.49751607462025e-06,"hepa","41181","10"
"peaks_x32",424,429,75.6999,0.996527667511282,6.58852539520514e-06,"hepa","41181","10"
"peaks_x42",583,593,120.3692,0.462337816949188,3.88145478812296e-06,"hepa","41181","10"
"peaks_x52",715,719,46.1053,1.42502345130071,2.38968159662547e-06,"hepa","41181","10"
"peaks_x62",752,758,46.6432,0.383550441104366,2.1908680064197e-06,"hepa","41181","10"
"peaks_x71",843,850,149.4096,0.382836540942999,1.28353722758536e-06,"hepa","41181","10"
"peaks_x81",900,906,39.847,0.863404000063085,2.64969234554002e-06,"hepa","41181","10"
"peaks_x15",578,605,11.1418,0.105771788376848,5.14432014856157e-07,"sham","41271","1"
"peaks_x16",682,688,5.2594,0.499795270971166,2.77541379541666e-06,"sham","41271","1"
"peaks_x24",721,735,8.0076,0.0461953677642008,1.43921167113312e-07,"sham","41271","1"
"peaks_x34",841,847,6.2426,0.0336188467971147,4.07442554247302e-06,"sham","41271","1"
"peaks_x44",990,1021,14.0564,0.0739290325641028,4.44747282184403e-07,"sham","41271","1"
"peaks_x64",578,605,15.3323,0.107443738895875,9.29603918095713e-07,"sham","41271","2.5"
"peaks_x112",682,688,5.4289,0.576228845589353,5.50554761906724e-06,"sham","41271","2.5"
"peaks_x212",721,744,8.8893,0.0858964537293523,2.21133590348653e-06,"sham","41271","2.5"
"peaks_x312",841,854,6.9815,0.168250993979245,2.55560252903736e-07,"sham","41271","2.5"
"peaks_x411",914,948,6.1903,0.0795028765185266,3.54470323823209e-07,"sham","41271","2.5"
"peaks_x54",990,1021,14.6225,0.0764353155357595,6.47534521858693e-07,"sham","41271","2.5"
"peaks_x73",478,483,25.3506,1.47085082995235,2.72564347445698e-06,"sham","41271","10"
"peaks_x122",577,586,21.6459,0.241166051177066,3.70207516292381e-06,"sham","41271","10"
"peaks_x222",717,727,22.7698,0.944881884597619,4.87358876794636e-06,"sham","41271","10"
"peaks_x25",3,44,22.6414,0.288025748317335,1.87779066963561e-07,"sham","42231","1"
"peaks_x113",215,329,10.4411,0.0411269136766711,1.5842408731325e-06,"sham","42231","1"
"peaks_x26",349,429,188.6482,0.136132219949223,7.05113232070447e-07,"sham","42231","1"
"peaks_x213",2,17,63.5619,0.270037160192934,3.33361824567311e-06,"sham","42231","2.5"
"peaks_x110",115,152,11.0969,0.088967112199229,2.63091399326251e-07,"sham","42231","2.5"
"peaks_x223",232,300,15.3585,0.0785840347087626,1.43569402016072e-06,"sham","42231","2.5"
"peaks_x35",349,429,221.9121,0.148776085858176,1.2048185899648e-06,"sham","42231","2.5"
"peaks_x45",553,655,18.766,0.113927937505134,7.50640110196007e-07,"sham","42231","2.5"
"peaks_x231",2,14,159.5792,0.383991729026981,5.09511277217034e-06,"sham","42231","10"
"peaks_x1111",23,27,20.4305,1.06340822289558,1.90058703675307e-06,"sham","42231","10"
"peaks_x241",71,80,20.9343,0.639554553528242,3.67082862213983e-06,"sham","42231","10"
"peaks_x313",114,140,69.4083,0.285965442116829,2.85566417906643e-06,"sham","42231","10"
"peaks_x412",266,299,28.1668,0.423534522302746,2.39198916610986e-06,"sham","42231","10"
"peaks_x55",349,418,250.2495,0.155603477649236,1.03749516517741e-06,"sham","42231","10"
"peaks_x65",531,534,20.3932,0.18323346999045,8.87544996765786e-06,"sham","42231","10"
"peaks_x74",553,629,106.9874,0.342258884387271,1.47211605056869e-06,"sham","42231","10"
"peaks_x82",677,730,30.19,0.129577271482202,2.03106203903637e-06,"sham","42231","10"
"peaks_x92",763,776,23.7136,0.329136360293906,2.4618884329935e-07,"sham","42231","10"
"peaks_x102",831,882,28.3642,0.343135714000889,1.19681896867212e-07,"sham","42231","10"
"peaks_x114",974,999,25.2877,0.122411824349159,3.05403160238069e-07,"sham","42231","10"
"peaks_x123",1078,1112,36.0045,0.705066724226468,2.96662480886388e-07,"sham","42231","10"
"peaks_x131",1115,1145,27.5755,0.236836050064882,9.58922290861326e-07,"sham","42231","10"
"peaks_x141",1207,1234,25.09,0.278515244581842,2.48989764132665e-06,"sham","42231","10"
"peaks_x151",1237,1255,22.6048,0.263175238794333,1.53808506975684e-06,"sham","42231","10"
"peaks_x161",1387,1486,33.3738,0.303386331500722,1.43395111965061e-06,"sham","42231","10"
"peaks_x17",1499,1520,27.8609,0.283477502728851,1.97630732542804e-06,"sham","42231","10"
"peaks_x18",1534,1543,26.6207,0.610074897247922,3.75362797793468e-06,"sham","42231","10"
"peaks_x19",1631,1654,21.0002,0.127071442551797,2.5042707132455e-06,"sham","42231","10"
"peaks_x20",1770,1799,44.0684,0.241250646836268,5.21032181213658e-07,"sham","42231","10"
"1",219,303,28.2669,0.169431380705441,5.26089185573428e-07,"hepa","42231","1"
"2",421,475,51.8323,0.970036796881259,9.10555449298691e-07,"hepa","42231","1"
"3",831,900,42.0123,0.225358459872984,1.65998155139502e-06,"hepa","42231","1"
"4",957,975,18.3603,0.241675155503063,2.71866304305146e-07,"hepa","42231","1"
"5",1101,1164,64.7329,0.166521874240375,1.85684452295526e-06,"hepa","42231","1"
"6",1246,1287,20.9343,0.149190144054843,8.44918082789815e-07,"hepa","42231","1"
"7",219,231,28.4275,0.115202922795204,6.12453290759254e-07,"hepa","42231","2.5"
"8",421,428,55.7028,1.13037959022636,6.1273114582443e-06,"hepa","42231","2.5"
"9",532,551,12.712,0.495049409719314,3.13589592145768e-06,"hepa","42231","2.5"
"10",721,746,10.3095555555556,0.111518802740744,1.44170797884971e-06,"hepa","42231","2.5"
"11",809,817,12.0388,0.00634406761799105,2.24053352058702e-06,"hepa","42231","2.5"
"12",831,879,42.1312,0.224645203221202,7.94536955919306e-07,"hepa","42231","2.5"
"13",957,975,27.2439,0.244998898591983,1.55310274113309e-07,"hepa","42231","2.5"
"14",1099,1164,152.0653,0.178163866537574,1.79616594318577e-07,"hepa","42231","2.5"
"15",1246,1265,21.1826,0.127271150925856,3.10188270113208e-06,"hepa","42231","2.5"
"16",76,89,22.9152,0.81037754379894,2.15546131414827e-06,"hepa","42231","10"
"17",144,149,20.594,0.622940160109076,3.34473125684126e-06,"hepa","42231","10"
"18",219,231,36.8312,0.141816196806708,5.00976239383021e-07,"hepa","42231","10"
"19",421,479,80.7897,0.0483403438717181,4.98711995970743e-07,"hepa","42231","10"
"20",532,550,117.8603,0.824235736968104,1.88332943247519e-07,"hepa","42231","10"
"21",556,576,33.8051,0.720547346455502,1.37196679555828e-06,"hepa","42231","10"
"22",645,679,23.5689,0.253017846235504,2.47026868222275e-06,"hepa","42231","10"
"23",719,745,31.097,0.189224379006026,4.49488039658368e-07,"hepa","42231","10"
"24",793,805,32.076,0.588326540532834,1.96726274198604e-06,"hepa","42231","10"
"25",832,875,49.7593,0.245455475692499,1.92674804471133e-06,"hepa","42231","10"
"26",882,890,29.0728,0.202096815381342,3.22593134028962e-06,"hepa","42231","10"
"27",935,953,23.6744,1.15806842780851,1.36686815798402e-06,"hepa","42231","10"
"28",978,1012,20.3605555555556,0.579263305210775,2.29078256073486e-06,"hepa","42231","10"
"29",1099,1159,437.0887,0.322353361202189,7.91205290786494e-07,"hepa","42231","10"
"30",1168,1189,33.4994444444444,0.355428287353279,1.78283334376525e-06,"hepa","42231","10"
"31",1234,1239,57.6572,0.822824105385928,5.9057701108542e-06,"hepa","42231","10"
"110",9,33,108.9155,0.0428912754196314,2.80921424598765e-06,"sham","42281","1"
"210",49,72,25.8458,0.159868838516581,3.63055139087401e-06,"sham","42281","1"
"310",86,129,81.5745,0.0627281723040418,2.47612992676842e-06,"sham","42281","1"
"410",237,247,80.4815,0.477386971611775,8.7780315050707e-07,"sham","42281","1"
"51",295,329,84.5288,0.140990837710861,2.83886033770271e-06,"sham","42281","1"
"61",372,405,129.9413,0.266835788550816,2.70873275297056e-06,"sham","42281","1"
"71",410,426,28.3581,0.216619163628871,1.44674250338159e-06,"sham","42281","1"
"81",437,463,104.364,0.201499081395557,5.97976004673426e-07,"sham","42281","1"
"91",483,491,11.1551,0.258148850966599,1.36724198775687e-06,"sham","42281","1"
"101",628,644,12.199,0.312776784692344,2.88753348416547e-06,"sham","42281","1"
"111",648,687,91.2958,0.253140057629379,2.70926759747297e-06,"sham","42281","1"
"121",778,803,145.6311,0.320128160935194,4.92409931001374e-07,"sham","42281","1"
"131",809,827,62.8211,0.162910783692798,2.30951224846954e-06,"sham","42281","1"
"141",829,853,23.6594,0.138062106501697,1.53532375066474e-06,"sham","42281","1"
"151",869,914,120.6807,0.136429662803771,9.64716211919857e-07,"sham","42281","1"
"161",938,965,65.9015,0.162847704356189,1.25828573086187e-06,"sham","42281","1"
"171",967,986,17.4626,0.136137997261647,3.30318177044817e-07,"sham","42281","1"
"181",9,33,116.3776,0.0434360115876187,2.83587441552115e-06,"sham","42281","2.5"
"191",49,72,28.2861,0.159412150140001,2.97670863432027e-06,"sham","42281","2.5"
"201",86,129,88.6081,0.0653858782634038,4.40100906163685e-07,"sham","42281","2.5"
"211",237,247,85.4683,0.483136904110516,1.06596798930225e-06,"sham","42281","2.5"
"221",295,327,88.0683,0.141059389910737,3.00021990478661e-06,"sham","42281","2.5"
"231",372,400,140.5493,0.275996256417117,7.12630005192692e-07,"sham","42281","2.5"
"241",410,426,30.228,0.219557407296754,1.14567004598123e-06,"sham","42281","2.5"
"251",437,463,109.2832,0.202987633759793,3.87049531887279e-07,"sham","42281","2.5"
"261",483,491,12.2502,0.26646189636434,9.04617254452494e-07,"sham","42281","2.5"
"271",628,644,16.3023,0.271764899553663,1.43734665066831e-06,"sham","42281","2.5"
"281",648,687,96.1468,0.25895388987563,1.1696354846741e-06,"sham","42281","2.5"
"291",777,803,158.7687,0.265516234997893,8.48735623344812e-07,"sham","42281","2.5"
"301",809,827,65.7579,0.165256899862334,2.34061851424237e-06,"sham","42281","2.5"
"311",829,853,24.9396,0.134741157978601,1.23172021969242e-06,"sham","42281","2.5"
"32",869,906,127.2078,0.13544642388581,4.77480833816909e-07,"sham","42281","2.5"
"33",938,965,68.9137,0.163912499446365,1.20535475591952e-06,"sham","42281","2.5"
"34",967,986,18.0269,0.163530075251227,4.0425738513997e-06,"sham","42281","2.5"
"35",9,33,116.9473,0.0386042117503094,3.02471985110831e-06,"sham","42281","10"
"36",48,72,33.5111,0.14029537513644,2.62318040942972e-06,"sham","42281","10"
"37",86,122,89.0364,0.0531015346064184,6.76534347967222e-07,"sham","42281","10"
"38",237,249,85.8789,0.445450067830191,4.16917684008842e-06,"sham","42281","10"
"39",295,310,91.3663,0.105105952105791,4.76921191850078e-06,"sham","42281","10"
"40",372,400,141.2247,0.275906173400704,3.09923027371392e-07,"sham","42281","10"
"41",410,426,31.4103,0.222204891326193,3.75395197944264e-07,"sham","42281","10"
"42",438,451,112.8853,0.251231130334316,2.13191753747673e-07,"sham","42281","10"
"43",483,491,22.1199,0.487615909119998,2.84334714799032e-07,"sham","42281","10"
"44",627,636,69.7424,0.457223680553681,2.66818717441733e-07,"sham","42281","10"
"45",648,696,96.6279,0.250050675717796,9.85464142701998e-07,"sham","42281","10"
"46",777,803,161.2058,0.272889938159319,7.73833162194886e-07,"sham","42281","10"
"47",809,827,66.1657,0.164392611458229,1.84020336321902e-06,"sham","42281","10"
"48",829,856,26.5315,0.0564040033560217,2.66764343008371e-06,"sham","42281","10"
"49",869,894,131.2155,0.126373073232409,1.8812261123966e-06,"sham","42281","10"
"50",938,965,70.1388,0.166185365050258,9.47380151764174e-07,"sham","42281","10"
"112",64,70,16.77175,0.401646434605623,8.55005361201555e-07,"sham","42301","1"
"212",176,208,91.17525,0.207363725195266,1.97071302654372e-06,"sham","42301","1"
"312",250,269,10.082,0.97122723934221,2.64983011853494e-06,"sham","42301","1"
"411",321,335,103.478,0.479108925543974,8.61118632391778e-07,"sham","42301","1"
"52",458,465,19.45,0.0419631817907427,7.04116640599915e-06,"sham","42301","1"
"62",590,625,337.232,0.096285713338602,1.23382779802067e-06,"sham","42301","1"
"72",696,728,10.4479,0.129839305327109,1.02068709600612e-06,"sham","42301","1"
"82",733,744,11.1956,0.288044376305983,5.72898451496956e-07,"sham","42301","1"
"92",64,70,17.047,0.342351380321426,2.82318680174519e-06,"sham","42301","2.5"
"102",176,209,93.26375,0.20148972377459,2.11725603283943e-06,"sham","42301","2.5"
"113",250,268,10.1476,0.98231444219087,2.57494181413584e-06,"sham","42301","2.5"
"122",321,335,110.88725,0.484814977583865,1.051742835464e-06,"sham","42301","2.5"
"132",417,427,10.7293333333333,0.181364170788383,3.16128522071535e-06,"sham","42301","2.5"
"142",590,625,337.232,0.0927744564398723,1.67866511815356e-06,"sham","42301","2.5"
"152",696,722,11.0456,0.13178502511599,1.05988033370932e-06,"sham","42301","2.5"
"162",733,744,14.2904,0.2547144200244,1.96147691058011e-06,"sham","42301","2.5"
"172",10,17,45.132,0.872097889474531,3.10604038317249e-06,"sham","42301","10"
"182",44,51,50.2868,0.0146902767307038,1.56511477176628e-06,"sham","42301","10"
"192",66,90,26.8158,0.0858789395135993,1.04140554045944e-06,"sham","42301","10"
"202",145,155,56.5769,0.641081205883538,9.5306931831549e-07,"sham","42301","10"
"213",176,209,119.92875,0.160070040351629,3.013537449573e-06,"sham","42301","10"
"222",288,306,79.9267,0.197992551125551,2.96763578076504e-06,"sham","42301","10"
"232",320,333,151.741,0.364552735911218,4.01683542922717e-06,"sham","42301","10"
"242",476,484,86.0049,1.29312119386855,5.01408499908956e-06,"sham","42301","10"
"252",590,625,337.232,0.0818827739936375,6.5985652320302e-07,"sham","42301","10"
"262",732,746,41.8075,0.26173568691521,4.7965681068282e-06,"sham","42301","10"
"114",28,54,89.7684,0.189795103272165,8.20301960664983e-07,"hepa","42301","1"
"214",137,166,55.077,0.289849773766661,1.39262864149806e-06,"hepa","42301","1"
"313",184,195,120.2191,0.311825039260871,4.97338413495779e-06,"hepa","42301","1"
"412",326,353,381.965875,0.204218934157055,1.28633275915408e-06,"hepa","42301","1"
"53",429,448,53.8652,0.28560423915292,3.88339535213513e-07,"hepa","42301","1"
"63",470,483,19.3323,0.370715503327548,3.70597409003266e-06,"hepa","42301","1"
"73",493,509,23.4315,0.507390569458417,2.09227588539125e-06,"hepa","42301","1"
"83",591,633,362.4255,0.431874248416521,4.47137805478989e-07,"hepa","42301","1"
"93",683,701,12.0901,0.189229517811788,1.30252453117762e-06,"hepa","42301","1"
"103",724,738,31.5392,0.279343680485722,8.13326266274865e-08,"hepa","42301","1"
"115",28,51,98.4057,0.176099351441168,9.38837293331115e-07,"hepa","42301","2.5"
"123",137,166,57.6178,0.29052426489372,1.30280320122958e-06,"hepa","42301","2.5"
"133",184,195,125.2666,0.313431708168407,5.03112239207776e-06,"hepa","42301","2.5"
"143",326,357,389.437125,0.209576772912819,1.61297948073521e-06,"hepa","42301","2.5"
"153",429,448,56.2028,0.28365750839713,4.40092649216853e-07,"hepa","42301","2.5"
"163",470,483,31.6143,0.376564858299226,3.95930173106799e-06,"hepa","42301","2.5"
"173",493,509,23.9482,0.504053580194117,1.05041557058655e-06,"hepa","42301","2.5"
"183",514,548,13.3445,0.354725173650664,1.32018142929526e-07,"hepa","42301","2.5"
"193",591,617,366.151375,0.432418838278378,8.2564566588414e-07,"hepa","42301","2.5"
"203",684,701,13.0318,0.222176744290415,3.48172493146018e-06,"hepa","42301","2.5"
"215",724,753,35.8687,0.297500408994501,2.15868344172792e-07,"hepa","42301","2.5"
"223",137,151,83.6137,0.322573141662342,2.92975406946014e-06,"hepa","42301","10"
"233",184,194,162.0872,0.353797999646881,3.55798435214386e-06,"hepa","42301","10"
"243",326,358,443.37125,0.219834890583899,1.16163096316535e-06,"hepa","42301","10"
"253",428,445,74.04,0.22398474455986,3.77728816449394e-06,"hepa","42301","10"
"263",469,482,225.5168,0.517667155255768,3.75414448455849e-06,"hepa","42301","10"
"272",492,509,134.3016,0.808906231663108,2.16203976782119e-06,"hepa","42301","10"
"282",513,527,91.0098,0.414399380139371,3.65390262746387e-06,"hepa","42301","10"
"292",591,611,367.528875,0.422304064853247,1.32228304218069e-06,"hepa","42301","10"
"302",684,698,40.7339,0.585381334871498,1.82180821497951e-06,"hepa","42301","10"
"314",724,734,103.1295,0.590892762733987,1.48973916712958e-06,"hepa","42301","10"
"116",201,240,35.8768,0.182898415400291,4.80388621855681e-07,"hepa","42321","1"
"216",636,666,38.855,0.422812046797145,1.49113831442267e-06,"hepa","42321","1"
"315",775,830,153.336,0.138695919510947,3.22943106549933e-07,"hepa","42321","1"
"413",201,240,63.2398,0.191621581857561,1.61598118242935e-06,"hepa","42321","2.5"
"54",636,666,41.02,0.434577944406402,2.13945188359204e-06,"hepa","42321","2.5"
"64",775,830,203.5088,0.154727755096301,2.31147513206402e-06,"hepa","42321","2.5"
"74",138,155,20.8958,0.269225748723427,1.54941416370266e-06,"hepa","42321","10"
"84",201,216,210.6865,0.314343767833001,1.13264961303864e-06,"hepa","42321","10"
"94",599,606,23.5777,0.320272082008649,6.69340613870391e-06,"hepa","42321","10"
"104",636,679,78.901,0.788142028775471,2.25628727048419e-06,"hepa","42321","10"
"117",775,834,316.3657,0.195960382159206,6.30324581959465e-07,"hepa","42321","10"
"118",3,6,16.0387,5.41686592064212,1.80686025030851e-07,"hepa","41271","1"
"217",3,10,16.319,4.2949071958195,3.12513860617936e-06,"hepa","41271","2.5"
"316",3,7,37.1064,2.19491581544212,3.77298868543271e-06,"hepa","41271","10"
"414",479,488,37.5124,1.42586812677508,3.94799116432985e-06,"hepa","41271","10"
"55",619,622,21.342875,1.46064115192317,2.19769218688091e-06,"hepa","41271","10"
"65",860,867,30.1001,0.805305472229075,5.49464238018088e-06,"hepa","41271","10"
"75",953,957,22.9152,1.16112173252742,5.83881785097754e-06,"hepa","41271","10"
"119",873,896,5.2787,5.53605821241849,2.25579131886473e-06,"hepa","42281","1"
"218",619,682,6.8049,0.0258740184366811,1.47548563746849e-07,"hepa","42281","2.5"
"317",873,896,5.607,3.38594870610045,1.98295373528691e-06,"hepa","42281","2.5"
"415",620,652,92.4779,0.0860037066333985,1.06907035704326e-06,"hepa","42281","10"
"56",1002,1031,71.4967,0.0687927902674778,1.86306121957714e-06,"hepa","42281","10"
"120",80,121,7.8835,0.034647241174722,5.17598778750308e-07,"sham","42321","1"
"219",140,196,8.8244,0.0775359905185657,1.29143844835726e-06,"sham","42321","1"
"318",716,736,8.0416,0.0137234786503194,6.49429842137792e-07,"sham","42321","1"
"416",946,967,7.4007,0.0504996864528379,8.51151883541352e-07,"sham","42321","1"
"57",79,87,8.6549,0.11317521292146,4.44675538517947e-06,"sham","42321","2.5"
"66",140,169,12.2582,0.108123639724662,3.74478945344415e-07,"sham","42321","2.5"
"76",230,242,8.6747,0.123105052411029,2.12879203288191e-06,"sham","42321","2.5"
"85",431,486,9.2179,0.0792295665963318,1.2613280190001e-06,"sham","42321","2.5"
"95",716,736,8.2948,0.0122461989483182,9.61992590679132e-07,"sham","42321","2.5"
"105",139,173,85.9126,0.29507411152698,5.59467605009609e-08,"sham","42321","10"
"1110",217,225,24.2289,0.398621164424991,5.73114213823359e-07,"sham","42321","10"
"124",284,306,39.5586,0.258903204308697,6.96937405947874e-07,"sham","42321","10"
"134",353,375,25.107,0.115230357852538,2.32018575633664e-06,"sham","42321","10"
"144",431,451,148.807,0.4415018752128,9.12470658750821e-07,"sham","42321","10"
"125",31,47,57.3034,0.290279199579191,9.82906665134941e-07,"hepa","44241","1"
"220",60,78,29.8992,0.376894748567102,2.95420692062541e-07,"hepa","44241","1"
"319",608,635,21.1308,0.150596776741099,2.5059328765552e-06,"hepa","44241","1"
"417",1022,1055,13.5678,0.0932896951073392,1.29497268027138e-06,"hepa","44241","1"
"58",1069,1083,23.9833,0.292893938656644,2.15484525940087e-06,"hepa","44241","1"
"67",1163,1176,36.0746,0.311847172550376,3.6795670704882e-09,"hepa","44241","1"
"77",1208,1244,14.7327,0.188289086684792,9.86903902577355e-07,"hepa","44241","1"
"86",1313,1328,15.8056,0.332335996066581,1.07201246750259e-06,"hepa","44241","1"
"96",1347,1379,65.1431,0.239493663546317,2.46164195582387e-06,"hepa","44241","1"
"106",1732,1747,21.0576,0.379402645170418,3.61735983231933e-07,"hepa","44241","1"
"1111",2023,2046,20.1415,0.238859319513248,2.90968089725069e-06,"hepa","44241","1"
"126",2048,2085,101.9609,0.320398446361045,1.30225805696046e-06,"hepa","44241","1"
"135",2367,2408,22.6414,0.288025748317335,1.87779066963561e-07,"hepa","44241","1"
"145",31,43,61.3143,0.267967383759279,4.7337514739762e-06,"hepa","44241","2.5"
"154",60,78,52.5923,0.3913466449241,2.21922590082283e-07,"hepa","44241","2.5"
"164",608,629,58.7122,0.153658890790461,1.98532869095174e-06,"hepa","44241","2.5"
"174",1022,1055,17.8098,0.106535342739572,5.03396589869461e-07,"hepa","44241","2.5"
"184",1069,1078,31.1175,0.298346032768213,5.42139092222335e-06,"hepa","44241","2.5"
"194",1167,1197,143.188857142857,0.279326762813334,1.05269830355502e-06,"hepa","44241","2.5"
"204",1207,1229,31.9167,0.172950708788028,7.83514811274306e-07,"hepa","44241","2.5"
"2110",1317,1328,29.2596,0.693583906068141,1.44657445151975e-06,"hepa","44241","2.5"
"224",1347,1379,279.4067,0.310435248713841,1.5768391537344e-06,"hepa","44241","2.5"
"234",1591,1596,25.9905,0.264635375094727,7.38794698509033e-06,"hepa","44241","2.5"
"244",1630,1637,10.7105,0.240712613807708,7.10465319363112e-07,"hepa","44241","2.5"
"254",1732,1760,76.8114,0.375448484619049,3.2850395399057e-06,"hepa","44241","2.5"
"264",2024,2035,23.7111,0.307409920020956,1.3152123214455e-06,"hepa","44241","2.5"
"273",2048,2071,269.445,0.400858434818472,3.57339443436699e-06,"hepa","44241","2.5"
"283",2366,2381,63.5619,0.270037160192934,3.33361824567311e-06,"hepa","44241","2.5"
"293",31,43,71.3982,0.283984866701826,1.24929186901424e-06,"hepa","44241","10"
"303",59,78,129.7817,0.431270841733387,3.41106073914874e-06,"hepa","44241","10"
"3110",608,623,134.755,0.221322839365152,4.61402024244069e-07,"hepa","44241","10"
"321",1069,1077,43.8075,0.296160387588639,2.56834635285409e-07,"hepa","44241","10"
"331",1167,1197,1809.44185714286,0.277437559878639,1.79093984617808e-06,"hepa","44241","10"
"341",1207,1223,72.8956,0.192114855868198,1.81414713217247e-06,"hepa","44241","10"
"351",1296,1307,113.8378,1.88523946465363,4.18846678452935e-06,"hepa","44241","10"
"361",1317,1326,536.1144,1.08140774005358,2.39331380218976e-06,"hepa","44241","10"
"371",1347,1363,968.5277,0.479036098437294,3.34233168118979e-06,"hepa","44241","10"
"381",1587,1609,261.4153,0.352293916835921,1.85511714248984e-06,"hepa","44241","10"
"391",1634,1649,43.3968,0.281373632929124,1.39259799623119e-06,"hepa","44241","10"
"401",1732,1747,180.1308,0.468116435904735,1.29446855344818e-06,"hepa","44241","10"
"418",1895,1906,117.8903,0.767202301978495,4.09269434443302e-06,"hepa","44241","10"
"421",2024,2031,55.0971,0.345654586520978,6.17347302421312e-06,"hepa","44241","10"
"431",2048,2063,435.2612,0.474177336463029,2.11411847283105e-06,"hepa","44241","10"
"441",2366,2378,159.5792,0.383991729026981,5.09511277217034e-06,"hepa","44241","10"
"127",38,125,6.5292,0.0132095834314663,3.03307110076168e-07,"sham","44621","1"
"225",181,222,9.1741,0.0842423169696324,2.02699759123018e-06,"sham","44621","1"
"320",774,894,6.4851,0.0957368414229945,1.20850590467289e-06,"sham","44621","1"
"419",42,123,7.4299,0.0201535978541451,3.45646920959277e-07,"sham","44621","2.5"
"59",181,260,9.7421,0.0332173389704602,9.58241865242633e-07,"sham","44621","2.5"
"68",774,864,6.8654,0.0951407565424467,5.93405833509089e-07,"sham","44621","2.5"
"78",16,35,30.7839,0.401925451719366,4.53470111278554e-07,"sham","44621","10"
"87",171,303,25.0963,0.0384252987721491,1.30923242569369e-06,"sham","44621","10"
"97",337,361,31.5185,0.450133236927086,8.53124562237973e-07,"sham","44621","10"
"128",310,317,49.0511,0.862227369818249,6.44120263654602e-06,"hepa","44621","1"
"226",452,457,8.2298,0.556316177807075,2.01042058224202e-06,"hepa","44621","1"
"322",701,728,230.096,0.237030265927361,1.80791182238382e-06,"hepa","44621","1"
"420",310,317,49.6769,0.863066327443613,6.52549572260643e-06,"hepa","44621","2.5"
"510",452,457,8.3876,0.559660168053323,2.16602575869578e-06,"hepa","44621","2.5"
"69",702,724,268.1886,0.289848300459621,5.6542952515247e-07,"hepa","44621","2.5"
"79",16,21,21.8071,0.125913336983899,4.34673078061101e-06,"hepa","44621","10"
"88",310,315,60.1442,0.714864345235336,8.06124164190842e-06,"hepa","44621","10"
"98",702,720,460.5553,0.368790011380106,3.02036289953687e-07,"hepa","44621","10"
"129",29,38,6.5086,0.725418697994596,2.73785767476054e-06,"sham","45361","1"
"227",29,38,19.5133,0.675079830145013,4.14547127102125e-06,"sham","45361","2.5"
"323",29,45,223.6795,0.963139237489191,7.18780566641976e-07,"sham","45361","10"
"422",313,320,69.8446,0.523309838770041,6.23746321989779e-06,"sham","45361","10"
"511",411,418,38.239,0.440040320896793,1.37258363727621e-06,"sham","45361","10"
"610",698,705,77.4697,0.912305236107196,5.60610066082591e-06,"sham","45361","10"
"710",731,735,47.573,2.63501677762461,4.11472025699051e-06,"sham","45361","10"
"130",262,272,5.5291,0.476155194475699,1.15067555241792e-06,"hepa","45361","1"
"228",262,272,6.8272,0.451285349561401,4.31894833475585e-06,"hepa","45361","2.5"
"324",90,100,210.5085,0.481993346806934,7.00704896875383e-07,"hepa","45361","10"
"136",113,126,10.8299,0.13820592780889,2.06345782424536e-06,"sham","45411","1"
"229",324,333,8.2495,0.342425544801651,1.78821046541518e-06,"sham","45411","1"
"325",879,911,35.0646,0.191983229248883,1.69562245595206e-06,"sham","45411","1"
"423",113,126,11.6345,0.138400978445316,2.95278610108805e-06,"sham","45411","2.5"
"512",324,333,9.4253,0.326780494014857,2.85868281652457e-06,"sham","45411","2.5"
"611",879,910,35.7516,0.196277435779645,1.73068788440372e-06,"sham","45411","2.5"
"711",13,23,66.8639,0.774546595037826,5.35333553414543e-06,"sham","45411","10"
"89",184,189,26.0058,1.08268656344155,7.21667904994257e-06,"sham","45411","10"
"99",564,578,47.3749,0.454614827890895,1.95762881912423e-06,"sham","45411","10"
"107",879,894,42.154,0.288496230815401,4.03473240943181e-07,"sham","45411","10"
"1112",910,919,26.3867,1.67912784649643,4.99730806760554e-06,"sham","45411","10"
"1210",1001,1011,22.9075,0.507408012625979,8.86065815909004e-07,"sham","45411","10"
"137",328,349,10.0891,0.266927921401141,2.12435171088392e-07,"hepa","45411","1"
"230",612,646,14.383,0.1541042488691,1.61405037212138e-06,"hepa","45411","1"
"326",913,917,6.2423,0.337276244864893,7.86387959537565e-06,"hepa","45411","1"
"424",148,166,6.6098,0.232964680825316,3.87058989927006e-06,"hepa","45411","2.5"
"513",328,349,11.5781,0.267699217590629,2.42962466064437e-06,"hepa","45411","2.5"
"612",612,646,15.1645,0.139563860683566,9.58897115408345e-07,"hepa","45411","2.5"
"712",913,917,7.7721,0.363462585191515,3.5979446535565e-06,"hepa","45411","2.5"
"810",127,143,60.0604,0.400299979443681,6.05118421518637e-07,"hepa","45411","10"
"910",148,160,141.8211,0.329154554497218,9.58802923555909e-07,"hepa","45411","10"
"108",326,365,48.9077,0.148966991139096,1.98738637316869e-06,"hepa","45411","10"
"1113",477,485,44.2801,0.30472092901258,4.41958057063029e-06,"hepa","45411","10"
"1211",758,779,90.3245,0.297522244648555,1.0987123414119e-06,"hepa","45411","10"
"138",65,85,11.2455,0.021674275962838,1.56180646184514e-06,"sham","45451","1"
"235",131,159,10.4912,0.0243308979941377,1.67066123933333e-06,"sham","45451","1"
"327",329,332,13.761,1.08048545542224,1.39522346388877e-06,"sham","45451","1"
"425",374,400,8.1301,0.186137973826258,5.29049505110371e-07,"sham","45451","1"
"514",410,431,9.56533333333333,0.589118259170588,1.7304620947471e-06,"sham","45451","1"
"613",549,580,9.771,0.306953499023627,2.10227964352949e-06,"sham","45451","1"
"713",65,85,11.369,0.023596570106665,1.4464168905835e-06,"sham","45451","2.5"
"811",131,159,10.5864,0.023278520261159,1.35579808909578e-06,"sham","45451","2.5"
"911",329,332,13.777,1.05588126687472,1.37724690427182e-06,"sham","45451","2.5"
"109",374,400,8.2355,0.188945132758593,1.09767844515193e-06,"sham","45451","2.5"
"1114",410,431,9.7635,0.579392647488729,8.37600459371931e-07,"sham","45451","2.5"
"1212",550,569,9.932,0.380408092586932,1.77331043382356e-06,"sham","45451","2.5"
"139",65,87,11.4145,0.0551872611245784,1.95537157901762e-06,"sham","45451","10"
"146",131,138,10.6806,0.245761244107457,4.04181160535709e-06,"sham","45451","10"
"155",329,350,13.777,0.414982477491513,2.40962477628046e-06,"sham","45451","10"
"165",416,433,13.7585,0.207033517554412,2.0069907843768e-06,"sham","45451","10"
"175",612,618,12.9722,0.654650666527441,8.44035924369481e-06,"sham","45451","10"
"185",633,664,14.2252,0.205919788582316,1.04723929614534e-06,"sham","45451","10"
"195",770,825,11.8785,0.348803871786345,1.85111517447858e-06,"sham","45451","10"
"205",875,904,14.3956,0.113185661592053,9.85370598052477e-07,"sham","45451","10"
"2111",981,994,10.0462,0.368301213131441,2.25402314592664e-07,"sham","45451","10"
"140",387,417,5.2075,0.291759873594044,1.18622091616995e-07,"hepa","45451","1"
"236",387,413,7.2224,0.282625420487543,4.03790223714347e-08,"hepa","45451","2.5"
"328",120,131,14.7703,0.140993825332536,3.69312836258601e-06,"hepa","45451","10"
"426",386,399,39.0585,0.437561957264539,7.34167982348561e-07,"hepa","45451","10"
"515",504,508,76.1717,1.45693166806544,7.67170714489646e-07,"hepa","45451","10"
"614",877,886,10.4567,2.18522907352439,5.72747622495714e-06,"hepa","45451","10"
"714",934,946,10.0071,0.615885013841333,1.88456270327282e-06,"hepa","45451","10"
"147",4,23,13.9195,0.622457873810563,4.02677288354194e-06,"sham","46591","1"
"237",27,32,5.5022,0.465029998271787,3.38720950042022e-06,"sham","46591","1"
"329",4,23,22.7447,0.593363045228839,1.97184724998891e-06,"sham","46591","2.5"
"427",27,64,6.7304,0.123437485643984,2.15637349570771e-06,"sham","46591","2.5"
"516",175,192,5.1575,0.135711100987815,4.15556329068933e-08,"sham","46591","2.5"
"615",4,16,46.0197,0.754697686544121,1.76357298945581e-06,"sham","46591","10"
"715",174,182,26.0824,0.384755807952714,5.86891465814375e-06,"sham","46591","10"
"812",431,465,29.4399,0.433174006848471,2.66369435881945e-07,"sham","46591","10"
"912",592,600,23.6501,0.294991608822078,2.87425692609606e-06,"sham","46591","10"
"148",126,134,114.0313,1.03310190532162,1.51637909880968e-07,"hepa","46591","1"
"238",384,391,5.2441,0.121692316037875,2.42876062557985e-06,"hepa","46591","1"
"330",698,704,8.3217,0.306705004015794,2.28635886802916e-06,"hepa","46591","1"
"428",126,131,118.6271,1.03297705726114,1.30811224269455e-06,"hepa","46591","2.5"
"517",384,390,5.8207,0.0312150944460895,1.19028610296821e-06,"hepa","46591","2.5"
"616",698,704,10.1652,0.316281188628649,5.17440030794856e-06,"hepa","46591","2.5"
"716",126,138,131.0492,0.971829357788353,5.45398734222765e-07,"hepa","46591","10"
"813",832,835,19.4922,0.92663546177098,2.18658278211715e-06,"hepa","46591","10"
"149",39,53,14.1852222222222,0.0151266469059226,2.2770349237202e-06,"sham","44241","1"
"239",149,187,44.1293,0.0339860793335755,1.20219504953605e-06,"sham","44241","1"
"332",206,255,207.1493,0.115842000709781,1.35697411949298e-06,"sham","44241","1"
"429",271,283,31.4919,0.229353126609254,9.9478100402878e-07,"sham","44241","1"
"518",298,316,14.0772,0.130298026370729,1.823836735936e-06,"sham","44241","1"
"617",319,343,17.3744,0.096987536113543,2.25052562757555e-06,"sham","44241","1"
"717",406,448,9.5117,0.119517650087466,2.657114909152e-06,"sham","44241","1"
"814",469,502,11.5172,0.107629080925285,2.56548618828948e-06,"sham","44241","1"
"913",620,636,15.9897,0.222853474358098,8.72679031139363e-07,"sham","44241","1"
"1010",692,737,15.8954,0.0731778671606929,8.32656597262219e-07,"sham","44241","1"
"1115",897,939,24.1061,0.0777498881045983,2.16430826427737e-06,"sham","44241","1"
"1213",1474,1494,40.739,0.190602632724551,3.59850955546653e-07,"sham","44241","1"
"1310",1553,1598,9.9385,0.0848705353787555,2.51624301041041e-06,"sham","44241","1"
"1410",1625,1650,46.6108,0.262323755164843,1.66128021560356e-06,"sham","44241","1"
"156",1910,1942,16.1812,0.122497490257806,2.25141508901261e-07,"sham","44241","1"
"166",1989,2010,9.1217,0.279796829934752,3.13291465173253e-06,"sham","44241","1"
"176",2053,2083,10.4957,0.237496955407436,9.2451404235781e-07,"sham","44241","1"
"186",2483,2505,22.2866,0.253680318688505,9.83521727676067e-07,"sham","44241","1"
"196",2632,2681,35.5083,0.0704109157848362,4.65078906637334e-07,"sham","44241","1"
"206",149,187,48.9978,0.0303661010834559,5.141847277573e-07,"sham","44241","2.5"
"2112",206,255,239.196,0.122381604093719,6.12313231987908e-07,"sham","44241","2.5"
"2210",262,269,11.7106,0.0471614759201496,5.633843940182e-06,"sham","44241","2.5"
"2310",290,316,62.4977777777778,0.0972867281422403,1.71837076767367e-06,"sham","44241","2.5"
"245",319,343,22.8872,0.118580630277867,8.84563082259374e-07,"sham","44241","2.5"
"255",406,436,10.786,0.125236400078923,8.7436294223526e-07,"sham","44241","2.5"
"265",469,502,15.0641,0.0990348307700153,1.24963737790265e-06,"sham","44241","2.5"
"274",561,599,16.8983,0.0947749064382803,1.56748756819141e-08,"sham","44241","2.5"
"284",620,656,30.127,0.156144476475603,7.82184984179726e-07,"sham","44241","2.5"
"294",692,737,17.4923,0.0645191634381437,1.43097252802086e-06,"sham","44241","2.5"
"304",885,939,55.3553,0.0256424795013851,4.46833579415969e-07,"sham","44241","2.5"
"3111",1031,1045,9.8886,0.128227591707301,1.05639224341863e-07,"sham","44241","2.5"
"3210",1287,1294,61.6613333333333,0.799928972497273,4.15269885655844e-06,"sham","44241","2.5"
"333",1471,1494,68.0993,0.113773931295661,2.17275977657713e-06,"sham","44241","2.5"
"342",1553,1590,12.7477,0.0891461230092345,3.80615489654962e-07,"sham","44241","2.5"
"352",1625,1665,80.485,0.259145576108641,1.43007631652164e-07,"sham","44241","2.5"
"362",1696,1712,13.2535,0.177339300821288,4.54978581968396e-06,"sham","44241","2.5"
"372",1910,1959,19.4524,0.123312474588565,8.47868818087981e-07,"sham","44241","2.5"
"382",1989,2009,9.6426,0.293475636731457,3.8989436223598e-06,"sham","44241","2.5"
"392",2053,2068,17.5001,0.2240544682189,3.86530692621988e-06,"sham","44241","2.5"
"402",2159,2163,8.4998,1.97664975505404,3.17988881415334e-07,"sham","44241","2.5"
"4110",2305,2323,58.6505,0.623807300595319,3.47089155872681e-06,"sham","44241","2.5"
"4210",2483,2505,45.0448,0.271678288513139,2.77390234684284e-06,"sham","44241","2.5"
"432",2629,2681,44.5556,0.0617217255969743,1.35066164386135e-06,"sham","44241","2.5"
"442",46,53,85.3646,1.18221315285037,1.01747814241351e-06,"sham","44241","10"
"451",154,200,61.7497,0.0999985453922112,6.93922410243082e-07,"sham","44241","10"
"461",206,245,242.9876,0.115658081172301,4.24140945742858e-07,"sham","44241","10"
"471",290,331,559.681444444444,0.320239070989994,1.41102874946339e-06,"sham","44241","10"
"481",468,478,34.946,0.337483738061465,5.51476728445214e-06,"sham","44241","10"
"491",560,582,26.1905555555556,0.105475376618389,1.18263494350211e-06,"sham","44241","10"
"501",613,636,252.6575,0.220502643237586,1.50092944080194e-06,"sham","44241","10"
"519",691,724,22.3204,0.0686528931478732,2.82769683648235e-07,"sham","44241","10"
"521",880,934,565.173111111111,0.175763902083618,3.01974593014648e-07,"sham","44241","10"
"531",996,999,36.7689,1.12944988824604,1.09648101226137e-06,"sham","44241","10"
"541",1031,1054,134.0406,0.362950034339219,7.17481774776299e-07,"sham","44241","10"
"551",1265,1270,20.4127,1.89680224606143,1.74267041342585e-06,"sham","44241","10"
"561",1416,1424,22.5388,1.36345277322028,3.25232071589051e-06,"sham","44241","10"
"571",1471,1493,194.0958,0.231807549011982,3.17684968849004e-07,"sham","44241","10"
"581",1561,1581,21.7996,0.558297734705432,1.03231741108294e-06,"sham","44241","10"
"591",1625,1650,153.663,0.294440116140826,6.27361818495495e-07,"sham","44241","10"
"60",1905,1921,28.9547,0.027158267361993,8.04588466186236e-07,"sham","44241","10"
"618",2052,2066,54.681,0.245402016801661,2.29568569000754e-07,"sham","44241","10"
"621",2159,2162,96.1909,2.70770159632082,6.05666019058052e-06,"sham","44241","10"
"631",2273,2290,78.0447,0.865574167084198,4.98368443136798e-07,"sham","44241","10"
"641",2305,2322,554.6623,0.668785353700304,1.64537237485864e-06,"sham","44241","10"
"651",2483,2496,186.1492,0.413525304404947,8.06731502069704e-07,"sham","44241","10"
"661",2626,2670,264.3914,0.203230824241196,1.16408676155621e-06,"sham","44241","10"
