"","participant_id","environment","type","case","mean","median","q5","q25","q75","q95","sd"
"1","41181","indoor","pm1","hepa",0.756580622630214,0.349,0.062,0.202,0.546,2.49395,1.99376459853202
"2","41181","indoor","pm1","sham",2.72085724043716,2.0215,0.473,0.98875,3.4515,7.088,2.47049292899269
"3","41181","indoor","pm1","redu",72.1932995459676,82.7355923818946,86.892177589852,79.5701643489254,84.180790960452,64.8144751693002,19.2968911129428
"4","41181","indoor","pm10","hepa",4.9749116942726,0.764,0.187,0.416,2.69475,23.7886,14.0674365977522
"5","41181","indoor","pm10","sham",6.95571574941452,3.6025,0.836,1.935,6.66325,19.81395,14.4825981128885
"6","41181","indoor","pm10","redu",28.4773577084235,78.7925052047189,77.6315789473684,78.5012919896641,59.5580234870371,-20.0598568180499,2.86662318390807
"7","41181","indoor","pm1num","hepa",2.82243663939333,1.289,0.55605,0.965,1.831,8.04239999999999,7.82161094851207
"8","41181","indoor","pm1num","sham",3.87590329820453,3.416,0.8687,1.74075,5.0245,9.76565,2.90303382649796
"9","41181","indoor","pm1num","redu",27.1799004711805,62.2658079625293,35.9905606078048,44.5641246589114,63.5585630410986,17.646034826151,-169.428860150333
"10","41181","indoor","pm25","hepa",1.28687238076232,0.504,0.154,0.325,0.825,5.36485,3.11371089899115
"11","41181","indoor","pm25","sham",3.34213700234192,2.485,0.69,1.184,4.16225,10.63045,3.22585227191565
"12","41181","indoor","pm25","redu",61.4955227789711,79.7183098591549,77.6811594202899,72.5506756756757,80.1789897291129,49.5331806273488,3.47633318180152
"13","41181","indoor","temp","hepa",21.3493025344243,21.41,20.31,20.86,21.8775,22.47,1.01602109960099
"14","41181","indoor","temp","sham",23.0648214285714,23.56,13.24,22.87,24.37,25.14,2.8135068601783
"15","41181","indoor","temp","redu",7.43781563390761,9.12563667232597,-53.3987915407855,8.78880629645825,10.2277390233894,10.6205250596659,63.887733348672
"16","41181","outdoor","pm1","hepa",1.47261712390715,1.369,0.398,0.816,1.957,2.9455,0.870845814762669
"17","41181","outdoor","pm1","sham",3.46371264367816,2.379,0.5096,0.885,4.483,10.885,4.01712063923062
"18","41181","outdoor","pm1","redu",57.4844314353008,42.4548129466162,21.8995290423862,7.79661016949153,56.3461967432523,72.939825447864,78.3216414698101
"19","41181","outdoor","pm10","hepa",19.3142156567179,10.825,1.908,4.4715,23.2615,73.0835,23.8977734577494
"20","41181","outdoor","pm10","sham",10.9306023570493,7.409,1.5266,4.157,12.761,29.4196,13.967043361321
"21","41181","outdoor","pm10","redu",-76.6985480380399,-46.1060871912539,-24.9836237390279,-7.56555208082754,-82.2858710132435,-148.417721518988,-71.1011617815237
"22","41181","outdoor","pm1num","hepa",8.89876364184504,8.571,2.983,6.866,10.332,15.3455,4.26236430962304
"23","41181","outdoor","pm1num","sham",16.1688134730103,13.74,6.529,9.13,21.089,31.2976,10.2075061559701
"24","41181","outdoor","pm1num","redu",44.9634096113532,37.6200873362445,54.3115331597488,24.7973713033954,51.0076343117265,50.9690838914166,58.2428436045555
"25","41181","outdoor","pm25","hepa",2.84299246306904,2.37,0.862,1.59,3.379,6.925,1.91768408600375
"26","41181","outdoor","pm25","sham",4.10703288229303,2.942,0.815,1.275,5.314,11.8532,4.21075464874849
"27","41181","outdoor","pm25","redu",30.7774604063617,19.4425560842964,-5.76687116564418,-24.7058823529412,36.4132480240873,41.5769581210137,54.4574726866663
"28","41181","outdoor","temp","hepa",2.37608180082404,1.25,-3.31,-0.95,5.79,12.1,4.73443408269227
"29","41181","outdoor","temp","sham",16.9147228284592,15.92,9.676,13.43,18.6,30.684,5.46937630253002
"30","41181","outdoor","temp","redu",85.9525821089645,92.1482412060301,134.208350558082,107.073715562174,68.8709677419355,60.565767175075,13.4374045446056
"31","41181","ratio","pm1","hepa",0.663692626922917,0.238826384744972,0.133248238522701,0.18697834339336,0.320972228231702,2.16261902562285,2.21328681953071
"32","41181","ratio","pm1","sham",2.32531440807923,1.22979788642435,0.0985235146453461,0.832551618020328,1.72114640863139,9.16430059038297,5.30568372335254
"33","41181","ratio","pm1","redu",71.4579402846799,80.5800296633,-35.245112806169,77.5415314382592,81.3512536398963,76.4017013159487,58.2846069435102
"34","41181","ratio","pm10","hepa",0.615196043437784,0.125448398998723,0.00882561017733187,0.0499183988472332,0.341545783928055,1.97570944930473,2.82930374218974
"35","41181","ratio","pm10","sham",1.39805572260927,0.635921336875482,0.121123216579847,0.391991300930991,1.08237767000073,3.65153983227795,5.24973972599189
"36","41181","ratio","pm10","redu",55.9963144895535,80.2729690412501,92.7135272439583,87.2654319805885,68.4448604775978,45.8937998747718,46.1058282912269
"37","41181","ratio","pm1num","hepa",0.447856788706636,0.144875839960905,0.085037723586708,0.115080980151103,0.21666213572369,1.24923435407609,1.46043874015337
"38","41181","ratio","pm1num","sham",0.352394062976995,0.264378626583821,0.063384146087704,0.164308262539072,0.482123508979517,0.912267946416632,0.283928146915027
"39","41181","ratio","pm1num","redu",-27.0897656229452,45.2013796149394,-34.1624504478489,29.9603206967531,55.060864760093,-36.9372188273256,-414.369130366791
"40","41181","ratio","pm25","hepa",0.722521335098955,0.204695860988856,0.0454544328684126,0.1560246280166,0.315217357053962,3.01479990557481,2.1018690833446
"41","41181","ratio","pm25","sham",1.83483343420096,1.11584424994611,0.157431014566024,0.787575620287562,1.47993576898788,5.78872817692288,3.42432831546203
"42","41181","ratio","pm25","redu",60.6219659162903,81.655516798268,71.1273963432727,80.1892511655412,78.7006055492842,47.9194770693589,38.6195221452941
"43","41181","ratio","temp","hepa",5.42539850701269,3.29411794341506,-24.3126600143284,-6.76608208223443,13.2388491339473,54.5327658730158,84.3080706608579
"44","41181","ratio","temp","sham",1.47166949536395,1.47812961392112,0.590822804535829,1.25829507829289,1.70588983661005,2.40151719887732,0.502890887714981
"45","41181","ratio","temp","redu",-268.656041597912,-122.857177908544,4215.05104875383,637.718234693715,-676.067061883412,-2170.7630783785,-16664.6844912888
"46","41271","indoor","pm1","hepa",0.8787972551466,0.674,0.206,0.425,1.174,2.06815,0.943028035812361
"47","41271","indoor","pm1","sham",2.37599285014691,2.105,0.71,1.409,2.78075,5.03239999999999,1.69137985124651
"48","41271","indoor","pm1","redu",63.0134722378369,67.9809976247031,70.9859154929577,69.8367636621718,57.7811741436663,58.9033065734043,44.2450473134483
"49","41271","indoor","pm10","hepa",3.61081347473487,1.4735,0.426,0.836,2.986,15.03275,7.34400519070993
"50","41271","indoor","pm10","sham",4.66372938295788,2.7635,0.94445,1.87225,4.3445,16.9179,5.99890050928781
"51","41271","indoor","pm10","redu",22.5766939237632,46.6799348652072,54.8943829742178,55.3478435038056,31.269421107147,11.142931451303,-22.4225202491616
"52","41271","indoor","pm1num","hepa",2.45112757330006,2.055,0.888,1.46325,3.12,4.9783,1.43068664726876
"53","41271","indoor","pm1num","sham",6.90806591576885,6.12,2.61145,4.536,7.71175,14.4541,4.43138504168412
"54","41271","indoor","pm1num","redu",64.5178896208135,66.421568627451,65.9959026594421,67.7414021164021,59.5422569455701,65.5578693934593,67.7146843749547
"55","41271","indoor","pm25","hepa",1.05074745269287,0.862,0.31985,0.575,1.35,2.241,0.965750843999703
"56","41271","indoor","pm25","sham",2.69726640548482,2.336,0.83345,1.633,3.07975,5.812,1.94838471852955
"57","41271","indoor","pm25","redu",61.0439869581959,63.0993150684931,61.6233727278181,64.7887323943662,56.1652731552886,61.4418444597385,50.4332571070174
"58","41271","indoor","temp","hepa",23.4132355999168,23.23,21.9,22.43,24.43,25.34,1.16423501235534
"59","41271","indoor","temp","sham",22.0362448579824,22.05,20.7445,21.31,22.85,23.26,0.940675185111376
"60","41271","indoor","temp","redu",-6.24875404502348,-5.35147392290249,-5.5701511243944,-5.25574847489442,-6.91466083150984,-8.94239036973344,-23.7658897334993
"61","41271","outdoor","pm1","hepa",3.0461676458671,2.418,0.781,1.543,4.11425,7.2919,2.06639331624141
"62","41271","outdoor","pm1","sham",2.62382010010796,2.577,0.68,1.397,3.496,5.149,1.43994280805303
"63","41271","outdoor","pm1","redu",-16.0966655351776,6.16996507566938,-14.8529411764706,-10.4509663564782,-17.6844965675057,-41.6177898621091,-43.5052353944125
"64","41271","outdoor","pm10","hepa",11.330875506483,8.9385,3.01155,5.73125,13.58225,24.91225,12.5818982013407
"65","41271","outdoor","pm10","sham",12.8562366277358,6.921,1.775,3.842,15.23,43.6122,19.6358529064118
"66","41271","outdoor","pm10","redu",11.8647561134806,-29.1504117902037,-69.6647887323944,-49.1736074960958,10.8191070256074,42.8777956626816,35.9238518372059
"67","41271","outdoor","pm1num","hepa",9.68957232576985,8.7225,2.77555,4.858,12.46775,22.7755999999999,6.32957674239394
"68","41271","outdoor","pm1num","sham",16.8184632446756,13.989,5.8988,9.339,21.92,35.9168,9.91941497783521
"69","41271","outdoor","pm1num","redu",42.3872907720189,37.6474372721424,52.9472096019529,47.9815826105579,43.1215784671533,36.5878920171065,36.1900197084477
"70","41271","outdoor","pm25","hepa",3.8869772082658,3.405,1.33665,2.491,4.80625,7.96145,2.03448136966364
"71","41271","outdoor","pm25","sham",3.69242918834037,3.464,1.043,2.317,4.644,7.2208,2.23800593708259
"72","41271","outdoor","pm25","redu",-5.26883550102361,1.70323325635104,-28.1543624161074,-7.50971083297367,-3.49375538329027,-10.2571737203633,9.09401373993916
"73","41271","outdoor","temp","hepa",14.3494489465154,14.5,5.99,10.06,18.21,22.52,5.16831574213506
"74","41271","outdoor","temp","sham",3.24641181666503,2.38,-3.04,0.72,5.5,14.09,4.37315647867381
"75","41271","outdoor","temp","redu",-342.009509479185,-509.243697478992,297.039473684211,-1297.22222222222,-231.090909090909,-59.8296664300923,-18.1827306509367
"76","41271","ratio","pm1","hepa",0.324764052029829,0.276309871823701,0.169852272028756,0.230882799947892,0.3343055584699,0.506183072835603,0.645339610918589
"77","41271","ratio","pm1","sham",1.33564773083096,0.742059534152719,0.48409196390373,0.622238115357892,0.960393916964763,4.06043468392813,2.09159791178857
"78","41271","ratio","pm1","redu",75.6849021988919,62.7644603826577,64.9132221367479,62.8947834841177,65.190787596152,87.5337713265242,69.1460960406704
"79","41271","ratio","pm10","hepa",0.411959772411786,0.214649622784203,0.0566165431922556,0.125678026814042,0.409925275075322,1.43965921803597,0.590372010063842
"80","41271","ratio","pm10","sham",0.541667635975827,0.397100729302854,0.105915783998995,0.248448673565332,0.60707222475838,1.42735004048066,0.635109802201325
"81","41271","ratio","pm10","redu",23.9460242682525,45.9457999079881,46.5456978604882,49.4148932209963,32.4750403070283,-0.862379739112031,7.0441035522393
"82","41271","ratio","pm1num","hepa",0.292631203626429,0.27109614950806,0.112781052115513,0.206418289373304,0.346832710668327,0.511060543761517,0.148133289741265
"83","41271","ratio","pm1num","sham",0.56985543314045,0.394786622950139,0.167792093534978,0.292209746051194,0.518206387039895,1.45314147704463,0.768102771025418
"84","41271","ratio","pm1num","redu",48.648168182981,31.3309687440197,32.7852405083662,29.3595466397826,33.0705449908657,64.8306409365657,80.7143919630042
"85","41271","ratio","pm25","hepa",0.292462059101391,0.259018171955519,0.147333870453585,0.214130674132562,0.306113168323264,0.464307419946237,0.400958329486587
"86","41271","ratio","pm25","sham",0.885428193081527,0.681526845147126,0.323302297974589,0.560834374100866,0.824222726294621,1.82194098007577,1.17179485424126
"87","41271","ratio","pm25","redu",66.9694209664203,61.9944285687524,54.4284493563467,61.819267145339,62.8603824479061,74.5157815196117,65.7825490498326
"88","41271","ratio","temp","hepa",1.90631883406112,1.66510352788399,1.09203011735059,1.33044648604365,2.24750378214826,3.70775815971474,0.8141896358287
"89","41271","ratio","temp","sham",5.04262898866293,5.69323932611719,-29.8094866835292,1.62150581474261,10.4507717513689,34.0185139573071,70.2645591247962
"90","41271","ratio","temp","redu",62.1959331462419,70.7529679940647,103.663364381091,17.9499404844972,78.4943750029382,89.1007638829611,98.8412513421131
"91","42231","indoor","pm1","hepa",1.77460534100903,0.324,0.077,0.17,0.773,8.75289999999999,5.82867914165633
"92","42231","indoor","pm1","sham",1.62064222742997,0.365,0.0400500000000001,0.168,0.676,3.45160000000001,10.0602877371789
"93","42231","indoor","pm1","redu",-9.50012970001506,11.2328767123288,-92.2596754057425,-1.19047619047619,-14.3491124260355,-153.589639587437,42.0625006567577
"94","42231","indoor","pm10","hepa",6.54637554969217,0.922,0.168,0.405,4.9985,27.5737,21.1591123997577
"95","42231","indoor","pm10","sham",6.18322341256556,1.2865,0.158,0.521,4.80875,25.1887,16.5000676290039
"96","42231","indoor","pm10","redu",-5.87318479207158,28.3326855810338,-6.32911392405064,22.2648752399232,-3.94593189498311,-9.46853152405641,-28.2365192404677
"97","42231","indoor","pm1num","hepa",2.9215089150076,1.024,0.49,0.699,1.868,8.92259999999998,9.07747076215013
"98","42231","indoor","pm1num","sham",9.33191038946546,3.344,1.22105,2.052,5.06975,25.3176,32.4600998774137
"99","42231","indoor","pm1num","redu",68.6933458093896,69.377990430622,59.8706031694034,65.9356725146199,63.1540016766113,64.7573229690019,72.0349881964893
"100","42231","indoor","pm25","hepa",2.52833269369153,0.497,0.146,0.297,1.204,9.89089999999998,9.66692369457155
"101","42231","indoor","pm25","sham",2.36080839192054,0.683,0.128,0.353,1.304,5.9357,11.5999024982482
"102","42231","indoor","pm25","redu",-7.09605668737502,27.2327964860908,-14.0625,15.8640226628895,7.66871165644172,-66.6340953889175,16.6637504407347
"103","42231","indoor","temp","hepa",24.1318285759974,24.19,21.66,23.04,25.34,26.32,1.46030132782679
"104","42231","indoor","temp","sham",22.9607398727821,23.05,20.58,22.17,23.9,24.94,1.40947678925399
"105","42231","indoor","temp","redu",-5.10039619674281,-4.94577006507592,-5.24781341107873,-3.92422192151555,-6.02510460251047,-5.53327987169206,-3.60591525595143
"106","42231","outdoor","pm1","hepa",1.48366982450691,1.218,0.4318,0.885,1.667,3.1474,1.49503016981017
"107","42231","outdoor","pm1","sham",2.47618816230165,1.98,0.4566,1.074,2.998,5.3608,2.7159770349447
"108","42231","outdoor","pm1","redu",40.0825087893232,38.4848484848485,5.43144984669293,17.5977653631285,44.3962641761174,41.2886136397552,44.954241123007
"109","42231","outdoor","pm10","hepa",15.9750422425843,9.871,1.038,3.4,24.45,44.2896,19.0079606898763
"110","42231","outdoor","pm10","sham",10.9642126503047,5.461,1.1806,2.986,11.504,34.4908,28.5521798999876
"111","42231","outdoor","pm10","redu",-45.7016819364613,-80.7544405786486,12.0786040996104,-13.8647019423978,-112.534770514604,-28.4098948125298,33.4272873158644
"112","42231","outdoor","pm1num","hepa",5.14289636071854,4.326,1.7648,3.196,6.177,10.9572,3.18279577849699
"113","42231","outdoor","pm1num","sham",9.3125171580739,7.019,1.904,3.98,11.527,25.0652,7.73114467691352
"114","42231","outdoor","pm1num","redu",44.7743690194474,38.3672887875766,7.31092436974791,19.6984924623116,46.4127700182181,56.2852081770742,58.83150669782
"115","42231","outdoor","pm25","hepa",3.08514298286483,2.705,0.5758,1.585,4.257,6.32,2.12292038179888
"116","42231","outdoor","pm25","sham",3.24166216438807,2.675,0.698,1.535,3.869,7.0744,3.38758127820501
"117","42231","outdoor","pm25","redu",4.8283619200888,-1.12149532710281,17.5071633237822,-3.25732899022802,-10.0284311191522,10.663801877191,37.3322672593184
"118","42231","outdoor","temp","hepa",15.3582466221463,15.4,4.27,9.02,21.62,27.09,7.32657221149969
"119","42231","outdoor","temp","sham",4.94601109097897,3.39,-0.364,2.13,7.26,14.87,4.37679262829031
"120","42231","outdoor","temp","redu",-210.51783628545,-354.277286135693,1273.07692307692,-323.474178403756,-197.796143250689,-82.1788836583726,-67.3959182836963
"121","42231","ratio","pm1","hepa",1.50515868200259,0.264839737734074,0.109541996899538,0.181865469338212,0.478563223197418,6.82335389920514,5.58394752254347
"122","42231","ratio","pm1","sham",1.18810486772023,0.196824685137872,0.0624192105711354,0.135781618035771,0.332455177650055,1.46473378451126,9.99592405206503
"123","42231","ratio","pm1","redu",-26.6856758941436,-34.5561597360406,-75.4940440566767,-33.9396834189298,-43.948193732497,-365.842596884041,44.1377556146007
"124","42231","ratio","pm10","hepa",1.34923169590076,0.182563465391347,0.0102435751273346,0.0393368020949117,0.75256883494165,6.66049483130715,4.5225974414922
"125","42231","ratio","pm10","sham",1.30249122127096,0.30306814260857,0.0276991078977173,0.11075039149486,0.964429553956516,4.27701183658145,5.79500665974089
"126","42231","ratio","pm10","redu",-3.58854431158397,39.7615784291989,63.0183933534596,64.4815683592981,21.9674644089576,-55.7277624143957,21.9569932005147
"127","42231","ratio","pm1num","hepa",0.531563053912864,0.223122484253604,0.111150375610147,0.163827460013363,0.379824993340238,1.66732962881947,1.14931074065115
"128","42231","ratio","pm1num","sham",2.27460489232917,0.526910714481171,0.12401063412321,0.294804861049559,0.784179074414033,4.23867516917185,11.9308502986827
"129","42231","ratio","pm1num","redu",76.6305323748535,57.6545934403128,10.3702868741772,44.4285079187272,51.5639978503562,60.6638970368367,90.3668999955682
"130","42231","ratio","pm25","hepa",1.34672608450436,0.240424380564281,0.0487776827723698,0.118216609854432,0.505103441448833,5.75698589109584,5.04573913861465
"131","42231","ratio","pm25","sham",1.32441331064585,0.26152443823621,0.0649135081286062,0.165869727030095,0.513655593455812,2.83095171259595,9.58434453402999
"132","42231","ratio","pm25","redu",-1.68472890442502,8.06810170943617,24.8574230871458,28.7292431409241,1.66495841103194,-103.358674945986,47.3543639765939
"133","42231","ratio","temp","hepa",2.74048783391286,1.82095815918549,0.937030851325538,1.19064492229489,3.33149278402752,6.36362196891289,3.02543307315857
"134","42231","ratio","temp","sham",6.33976836948353,6.38841935392863,-8.21502735248314,2.79114586646832,9.07646271542306,21.8484017497293,27.009180404835
"135","42231","ratio","temp","redu",56.7730605568463,71.4959513722957,111.406302269247,57.3420745723536,63.2952518125092,70.873741512961,88.7985009992492
"136","42281","indoor","pm1","hepa",1.63379154984047,1.541,0.533,1.098,2.077,2.9977,0.869867273632226
"137","42281","indoor","pm1","sham",25.0971447959285,6.679,0.871,2.806,27.732,107.698,38.8601159035356
"138","42281","indoor","pm1","redu",93.4901298011178,76.9276837849977,38.8059701492537,60.8695652173913,92.5104572335208,97.2165685528051,97.7615422563547
"139","42281","indoor","pm10","hepa",10.2824179638403,5.496,1.3252,2.8115,13.001,32.7245,13.3534637342239
"140","42281","indoor","pm10","sham",28.2942070651632,8.665,1.415,4.497,31.734,116.304,41.5317995903586
"141","42281","indoor","pm10","redu",63.6589286981632,36.5724177726486,6.34628975265017,37.4805425839449,59.0313228713683,71.8629625808227,67.847615884856
"142","42281","indoor","pm1num","hepa",3.5904208643527,3.133,0.8411,1.869,4.204,8.9234,2.68498252976907
"143","42281","indoor","pm1num","sham",41.0606167049197,15.436,2.588,6.643,55.927,163.002,52.4108306489284
"144","42281","indoor","pm1num","redu",91.255803851766,79.7032910080332,67.5,71.8651211801897,92.4830582723908,94.5255886430841,94.8770464109712
"145","42281","indoor","pm25","hepa",2.15278884269554,2.054,0.7651,1.403,2.7235,3.9348,1.07796057607013
"146","42281","indoor","pm25","sham",26.7164326913482,7.184,1.137,3.357,28.953,113.906,41.3339355565907
"147","42281","indoor","pm25","redu",91.9420797395878,71.4086859688196,32.7088830255057,58.2067322013703,90.5933754705903,96.5455726651801,97.392068861688
"148","42281","indoor","temp","hepa",3.27134970511457,1.65,-2.61,-0.465,5.06,15.4,5.25520502039946
"149","42281","indoor","temp","sham",21.3060023949706,21.31,19.57,20.65,21.86,23.19,1.16419167711855
"150","42281","indoor","temp","redu",84.6458775115561,92.2571562646645,113.336739908022,102.25181598063,76.8526989935956,33.5920655454938,-351.403761398331
"151","42281","outdoor","pm1","hepa",1.74366581840391,0.259,0.012,0.087,2.33925,7.6001,3.06778657107639
"152","42281","outdoor","pm1","sham",1.59061130495464,0.832,0.149,0.44,1.8695,5.537,2.2329253023177
"153","42281","outdoor","pm1","redu",-9.62237052965199,68.8701923076923,91.9463087248322,80.2272727272727,-25.1270393153249,-37.2602492324364,-37.3886787834833
"154","42281","outdoor","pm10","hepa",3.98604712947883,1.269,0.073,0.322,5.19675,12.5666,10.3532655492977
"155","42281","outdoor","pm10","sham",6.34895244741302,3.888,0.798,2.076,7.5835,20.856,7.33713380996936
"156","42281","outdoor","pm10","redu",37.2172470577724,67.3611111111111,90.8521303258145,84.4894026974952,31.4729346607767,39.7458764863828,-41.1077652043111
"157","42281","outdoor","pm1num","hepa",7.81807257736156,1.4095,0.163,0.474,12.681,33.03685,12.1030671487576
"158","42281","outdoor","pm1num","sham",26.7284900807497,22.776,11.878,18.3855,32.3255,55.4765,12.5017280793643
"159","42281","outdoor","pm1num","redu",70.7500402987886,93.8114682121531,98.6277151035528,97.4218813739088,60.7709084159564,40.448928825719,3.18884659845332
"160","42281","outdoor","pm25","hepa",2.2191733509772,0.4675,0.054,0.184,2.9695,9.2867,3.92906645463081
"161","42281","outdoor","pm25","sham",2.08264360482504,1.431,0.513,0.9295,2.391,5.85,2.20175782495022
"162","42281","outdoor","pm25","redu",-6.55559817511964,67.3305380852551,89.4736842105263,80.2044109736418,-24.1948975324132,-58.7470085470086,-78.4513451073867
"163","42281","outdoor","temp","hepa",21.4269136807818,21.14,19.8,20.35,22.31,23.8985,1.42435690441103
"164","42281","outdoor","temp","sham",-0.436305453095404,0.08,-7.05,-2.285,1.88,6.575,3.8279007088089
"165","42281","outdoor","temp","redu",5010.98920005854,-26325,380.851063829787,990.590809628009,-1086.70212765957,-263.475285171103,62.7901292963726
"166","42281","ratio","pm1","hepa",10.5656941767482,5.90088539104771,0.224403582561331,0.859926773416957,13.4695029637139,31.7518932819029,21.1228413706273
"167","42281","ratio","pm1","sham",40.0151634417956,7.10905861456483,0.929570230009703,2.89744758432088,31.4952265231731,176.522552999549,98.9049919072374
"168","42281","ratio","pm1","redu",73.5957740317202,16.9948412162737,75.859426720347,70.3212310700519,57.2331922940656,82.0125571818667,78.6433010474958
"169","42281","ratio","pm10","hepa",13.1786683648741,4.47844249298695,0.532670392098629,1.58307542441244,12.8515021866513,50.6948454755806,33.2442512919728
"170","42281","ratio","pm10","sham",6.87693010180228,2.19390953873712,0.198790903239079,0.967661130435815,7.30157943150904,30.4816975353653,10.4596487506643
"171","42281","ratio","pm10","redu",-91.6359214036549,-104.130681503161,-167.9551143535,-63.5981207284267,-76.009893574427,-66.312409001381,-217.833343016048
"172","42281","ratio","pm1num","hepa",3.90079411840435,2.39646919327214,0.0811687762119316,0.312124082001153,4.91148981850167,9.55079337122548,8.96528316920834
"173","42281","ratio","pm1num","sham",1.95646511276439,0.641682853422698,0.118985250121756,0.189107123524273,2.40886526413373,8.05193219085433,2.97809576511104
"174","42281","ratio","pm1num","redu",-99.3796921271302,-273.466297328894,31.7824888976805,-65.0514672235978,-103.892259630715,-18.614925521524,-201.040795069062
"175","42281","ratio","pm25","hepa",6.89654498086484,4.38343890004635,0.231559788118513,0.85139027376172,8.95085411839013,19.6333226905066,14.580790267238
"176","42281","ratio","pm25","sham",19.0838073620125,4.44160309444504,0.735861362154104,1.75945637139936,19.7805545552755,85.3408840332765,33.0540868164541
"177","42281","ratio","pm25","redu",63.8617973340433,1.30953156240905,68.532144772398,51.6106061166736,54.7492255923486,76.9942356317154,55.8880862502612
"178","42281","ratio","temp","hepa",0.116777736787283,0.0763294164509062,-0.130340332135025,-0.030117894938267,0.194072784866083,0.499070403701138,0.20543433196121
"179","42281","ratio","temp","sham",-4.0897346532032,2.8102766798419,-102.596330275229,-6.28167452176324,12.7458432304038,85.3022388059701,449.915311415824
"180","42281","ratio","temp","redu",102.855386637268,97.2839180925346,99.872958095299,99.5205435296922,98.4773640993548,99.414938680758,99.954339333037
"181","42301","indoor","pm1","hepa",9.0494496677332,0.824,0.067,0.41125,1.768,35.06775,40.4049742683309
"182","42301","indoor","pm1","sham",7.1502122133536,2.485,0.444,1.588,4.2,14.5858,25.1964016282757
"183","42301","indoor","pm1","redu",-26.5619732353204,66.841046277666,84.9099099099099,74.102644836272,57.9047619047619,-140.42390544228,-60.3600977013638
"184","42301","indoor","pm10","hepa",14.145119739109,1.36,0.15525,0.676,6.03125,65.581,48.5935866209125
"185","42301","indoor","pm10","sham",17.7039306980869,8.692,1.3858,3.241,20.763,56.5989999999999,29.7267647520685
"186","42301","indoor","pm10","redu",20.101812527782,84.3534284399448,88.7970847164093,79.1422400493675,70.9519337282666,-15.869538331066,-63.4674577815642
"187","42301","indoor","pm1num","hepa",9.03196800393798,1.316,0.28625,0.801,2.6135,39.98275,33.1721932854551
"188","42301","indoor","pm1num","sham",10.1877896870645,4.913,1.1026,3.051,8.276,24.9403999999999,23.6607199803376
"189","42301","indoor","pm1num","redu",11.3451663081941,73.2139222470995,74.0386359513876,73.7463126843658,68.4207346544224,-60.3131866369429,-40.1994246710229
"190","42301","indoor","pm25","hepa",9.60370268274674,0.9575,0.119,0.515,2.106,37.28975,41.2120388140354
"191","42301","indoor","pm25","sham",8.00218864816926,3.097,0.927,2.012,5.52,15.3612,25.6418400199455
"192","42301","indoor","pm25","redu",-20.0134501320944,69.0829835324508,87.1628910463862,74.403578528827,61.8478260869565,-142.752844829831,-60.7218467238649
"193","42301","indoor","temp","hepa",21.7012306177701,21.86,19.42,21.14,22.6075,23.03,1.13169506595929
"194","42301","indoor","temp","sham",23.3258938299759,23.54,21.12,22.61,24.23,24.97,1.27802147969559
"195","42301","indoor","temp","redu",6.96506304987963,7.13678844519966,8.04924242424242,6.50154798761609,6.69624432521667,7.76932318782538,11.4494487034095
"196","42301","outdoor","pm1","hepa",1.60435201519881,1.27,0.0574,0.415,2.654,3.8406,1.42817468586416
"197","42301","outdoor","pm1","sham",4.16187309824272,3.222,0.599,2.2125,5.805,9.4306,3.01972061181492
"198","42301","outdoor","pm1","redu",61.451202924082,60.5834885164494,90.4173622704508,81.2429378531073,54.2807924203273,59.2751256547834,52.7050721091117
"199","42301","outdoor","pm10","hepa",24.2267299497897,4.369,0.5058,2.438,30.026,109.989,37.4244800317583
"200","42301","outdoor","pm10","sham",10.8810572001415,8.221,0.9279,3.088,14.3945,30.0896,14.6686649209147
"201","42301","outdoor","pm10","redu",-122.650515516769,46.8556136723026,45.4898157129001,21.0492227979275,-108.593560040293,-265.538259066256,-155.13214892787
"202","42301","outdoor","pm1num","hepa",9.20532270321618,7.794,3.0724,5.047,12.071,19.4752,5.27235596551149
"203","42301","outdoor","pm1num","sham",8.68619094232811,6.775,1.0289,4.1165,12.3905,21.2941,6.44935383681678
"204","42301","outdoor","pm1num","redu",-5.97651795055902,-15.0405904059041,-198.610166196909,-22.6041540143325,2.57858843468788,8.54180265895249,18.2498572893657
"205","42301","outdoor","pm25","hepa",3.00269181707152,2.782,0.2284,1.535,3.905,7.1752,2.12684632618609
"206","42301","outdoor","pm25","sham",4.94963757518575,4.55,0.69,2.43,6.922,10.6923,3.31185358850663
"207","42301","outdoor","pm25","redu",39.3351175422409,38.8571428571429,66.8985507246377,36.8312757201646,43.5856688818261,32.8937646717732,35.7807865188534
"208","42301","outdoor","temp","hepa",4.41870131632515,5.06,-0.19,2.14,6.78,7.73,2.78022955292144
"209","42301","outdoor","temp","sham",7.30618115343791,6.22,2.12,4.83,9.08,14.73,3.9952115911016
"210","42301","outdoor","temp","redu",39.5210545218149,18.6495176848875,108.962264150943,55.6935817805383,25.3303964757709,47.5220638153428,30.4109559775571
"211","42301","ratio","pm1","hepa",19.1296702740516,0.685765379113019,0.24092271062413,0.373780993800197,2.01424125314119,61.4768110000848,96.4665579141392
"212","42301","ratio","pm1","sham",3.79797264971341,0.648177282081658,0.296323299966242,0.416828273824113,1.44447708940615,10.9651273423147,14.7437333166469
"213","42301","ratio","pm1","redu",-403.681096163111,-5.79904573493293,18.6959949988487,10.3273416721441,-39.4443198797482,-460.657519797737,-554.28854308712
"214","42301","ratio","pm10","hepa",1.83750490250309,0.354184397163121,0.0104963610561677,0.0987538490925907,0.96706393754065,7.53910598019631,6.6359261201677
"215","42301","ratio","pm10","sham",3.07487631595862,1.1402954947815,0.190607605306248,0.470416011090206,3.2115355227434,12.8391768327314,5.50136880926738
"216","42301","ratio","pm10","redu",40.241339368142,68.9392443639367,94.4932097335239,79.0071241700033,69.8878019348653,41.2804568515905,-20.6231821613031
"217","42301","ratio","pm1num","hepa",1.46159095087492,0.14883535559295,0.0704169462691963,0.0951581734487943,0.349933677602975,8.72337802461354,4.76820698206653
"218","42301","ratio","pm1num","sham",2.09859415234731,0.664396404415582,0.214402765963748,0.36905971136818,1.41788860564033,8.68351695849988,5.36230931732596
"219","42301","ratio","pm1num","redu",30.353806178288,77.5984104363314,67.1566987708067,74.2160494582236,75.3200867676807,-0.459042877490372,11.0792253878351
"220","42301","ratio","pm25","hepa",4.72589454881201,0.428792671675234,0.0850719936869082,0.247060853291376,1.13709416677893,25.4383793496005,18.3399412875584
"221","42301","ratio","pm25","sham",3.09694348422248,0.714966535891495,0.286743923659589,0.406153169060891,1.74671521486985,10.3655584088825,10.0436219910482
"222","42301","ratio","pm25","redu",-52.5986693941396,40.0261900173313,70.3317187680314,39.1705218347476,34.900998336832,-145.412532023376,-82.6028628308064
"223","42301","ratio","temp","hepa",-19.9455789899309,3.59862564422927,-64.9723944207671,3.10694814823631,8.10021022218531,50.2784839572192,729.128535659218
"224","42301","ratio","temp","sham",4.5244448064216,3.8320220969017,1.63265748767343,2.53699782958053,4.85019262781941,10.2202074090126,3.53565107410883
"225","42301","ratio","temp","redu",540.840364802813,6.09068650363844,4079.54836892054,-22.4655422251588,-67.0080106865172,-391.951698679632,-20522.1858542135
"226","42321","indoor","pm1","hepa",2.04565379561306,0.266,0.048,0.143,0.445,5.6808,11.322000550421
"227","42321","indoor","pm1","sham",3.76702872585327,3.635,0.736,1.6225,5.616,7.4965,2.24914246180384
"228","42321","indoor","pm1","redu",45.6958270168301,92.6822558459422,93.4782608695652,91.1864406779661,92.0762108262108,24.2206362969386,-403.391881247957
"229","42321","indoor","pm10","hepa",5.36559840291115,0.553,0.082,0.263,2.34,17.0266,22.6493170322427
"230","42321","indoor","pm10","sham",6.21552377139426,4.71,1.2435,2.595,6.9295,15.5325,8.82126472409387
"231","42321","indoor","pm10","redu",13.6742356677119,88.2590233545648,93.40570969039,89.8651252408478,66.2313298217765,-9.61918557862538,-156.758160429985
"232","42321","indoor","pm1num","hepa",3.68047184878197,0.729,0.206,0.483,1.072,10.747,16.9541703638004
"233","42321","indoor","pm1num","sham",9.95537153438094,10.097,1.704,4.49,14.3105,21.1725,5.90933391032781
"234","42321","indoor","pm1num","redu",63.0302913751493,92.7800336733683,87.9107981220657,89.2427616926503,92.5089968903952,49.2407604203567,-186.904930759953
"235","42321","indoor","pm25","hepa",2.64910290104114,0.35,0.07,0.2,0.603,7.02599999999999,14.4590536406958
"236","42321","indoor","pm25","sham",4.11495005504954,3.953,0.962,1.902,5.957,8.0225,2.38124237137654
"237","42321","indoor","pm25","redu",35.6224774152394,91.1459650898052,92.7234927234927,89.4847528916929,89.8774550948464,12.421315051418,-507.206297624265
"238","42321","indoor","temp","hepa",21.2571717375922,21.45,19.116,21.14,21.67,22.22,0.829766424708287
"239","42321","indoor","temp","sham",21.1485797217496,21.21,19.395,20.37,21.99,22.71,1.01540876970546
"240","42321","indoor","temp","redu",-0.513471908144195,-1.13154172560112,1.4385150812065,-3.78006872852233,1.45520691223282,2.15763980625276,18.2825233084232
"241","42321","outdoor","pm1","hepa",3.6353671012041,2.866,0.5104,1.383,5.591,8.8088,2.68137886200155
"242","42321","outdoor","pm1","sham",1.01525498047853,0.757,0.2174,0.465,1.231,2.8458,0.884767915825569
"243","42321","outdoor","pm1","redu",-258.07429375925,-278.599735799207,-134.774609015639,-197.41935483871,-354.183590576767,-209.536861339518,-203.060137471145
"244","42321","outdoor","pm10","hepa",8.32958463528709,6.682,0.948,2.738,10.831,23.334,8.08352109473585
"245","42321","outdoor","pm10","sham",5.38457373110421,2.597,0.559,1.208,6.411,20.702,6.98402732581424
"246","42321","outdoor","pm10","redu",-54.6934827388638,-157.296881016558,-69.5885509838998,-126.655629139073,-68.9440024957105,-12.7137474640132,-15.7429763319751
"247","42321","outdoor","pm1num","hepa",9.52007692307692,7.619,2.0052,4.288,14.228,21.6956,6.50123098845141
"248","42321","outdoor","pm1num","sham",3.71143467814596,2.588,0.759,1.355,4.27,12.8318,3.51508591463245
"249","42321","outdoor","pm1num","redu",-156.506654397934,-194.397217928903,-164.189723320158,-216.457564575646,-233.208430913349,-69.0768247634782,-84.9522642217182
"250","42321","outdoor","pm25","hepa",4.19645477161907,3.586,0.782,1.794,6.244,9.4686,2.77958315484513
"251","42321","outdoor","pm25","sham",1.53941996195815,1.085,0.373,0.696,1.99,4.4236,1.22523530882862
"252","42321","outdoor","pm25","redu",-172.599737259555,-230.506912442396,-109.651474530831,-157.758620689655,-213.768844221106,-114.047382222624,-126.861169835412
"253","42321","outdoor","temp","hepa",5.20511095631406,5.2,-3.86,2.51,7.99,12.6,4.33959727721272
"254","42321","outdoor","temp","sham",6.5000790869957,5.98,0.31,3.37,8.48,14.986,4.31138029450021
"255","42321","outdoor","temp","redu",19.9223442261248,13.0434782608696,1345.16129032258,25.5192878338279,5.77830188679246,15.9215267583078,-0.654476775071594
"256","42321","ratio","pm1","hepa",0.603922434404289,0.0976674663631522,0.0346301178446839,0.0573056996872468,0.184557582113035,1.92299901185771,2.57192957640095
"257","42321","ratio","pm1","sham",5.50907408156075,3.68449312714777,1.01877132674623,1.79679263701018,7.42768273716952,16.9168508498144,5.13527176706302
"258","42321","ratio","pm1","redu",89.0376781022848,97.3492292428631,96.6007957884635,96.810667045998,97.5152737584028,88.6326419205924,49.9163882056452
"259","42321","ratio","pm10","hepa",1.01817961377226,0.131915116228601,0.0242651202672959,0.0527264403873361,0.518709189723525,3.1359545446437,4.44397408533374
"260","42321","ratio","pm10","sham",2.37285865781297,1.36687687045746,0.229813341560668,0.646935306469353,2.74393687106349,7.79843172483296,3.75602894255029
"261","42321","ratio","pm10","redu",57.0905915352452,90.3491587955211,89.4413787717846,91.8498125144707,81.0961689682575,59.7873693673856,-18.315757234723
"262","42321","ratio","pm1num","hepa",0.522385859550844,0.0919859304413674,0.0382456202052128,0.0596871673898535,0.150252037136395,1.48162279774176,2.77224592453909
"263","42321","ratio","pm1num","sham",4.40347644586824,3.40511631803837,0.660694988010452,1.42286848332188,6.0398298791602,11.9300023617513,3.80690088121675
"264","42321","ratio","pm1num","redu",88.1369670992337,97.2985965279929,94.2113046263024,95.805152191543,97.5123134236806,87.5806998790546,27.1784054526518
"265","42321","ratio","pm25","hepa",0.719030284156439,0.104209547693766,0.0371209771368165,0.0610228357482228,0.186265223380783,2.38689812321442,3.22560080785734
"266","42321","ratio","pm25","sham",4.19137778042316,2.68393297019741,0.690920697058304,1.4430031784211,5.28465083303793,13.0866952142471,4.13961058028616
"267","42321","ratio","pm25","redu",82.8450136965739,96.1172820315963,94.6273172456891,95.7711225684899,96.4753542047412,81.7608793959236,22.0796076032263
"268","42321","ratio","temp","hepa",3.79144027720534,3.46508304592934,-4.90661961694651,2.22714273441476,6.17564188545832,17.307964437603,46.6823822517493
"269","42321","ratio","temp","sham",26.0471362968183,3.37578323454699,1.27690217648115,2.27564510815856,5.24392764857881,22.6050517969468,665.755151601649
"270","42321","ratio","temp","redu",85.4439266029085,-2.64530644232356,484.259632986767,2.13136809293808,-17.7674884040786,23.4332015999153,92.9880554225615
"271","44241","indoor","pm1","hepa",1.74442549400713,0.665,0.065,0.35,1.27725,5.86425,5.11097666925442
"272","44241","indoor","pm1","sham",4.04805159389636,1.355,0.42,0.766,3.201,13.46525,11.8691497855914
"273","44241","indoor","pm1","redu",56.9070340744331,50.9225092250922,84.5238095238095,54.3080939947781,60.0984067478913,56.4490076307532,56.9389824748956
"274","44241","indoor","pm10","hepa",11.7225996922579,1.493,0.25775,0.743,4.92825,34.91525,68.0397439540274
"275","44241","indoor","pm10","sham",15.1338110364103,4.13,0.818,1.864,10.987,52.39725,46.8620884454593
"276","44241","indoor","pm10","redu",22.540332609846,63.8498789346247,68.4902200488997,60.1394849785408,55.1447164831164,33.3643464113098,-45.1914462438347
"277","44241","indoor","pm1num","hepa",10.3781297376093,3.772,0.896,2.29175,6.935,44.06075,24.9647112959974
"278","44241","indoor","pm1num","sham",11.9537671098353,5.36,1.661,3.477,10.147,40.0445,26.4060231520405
"279","44241","indoor","pm1num","redu",13.1810947774747,29.6268656716418,46.0565924142083,34.0882945067587,31.6546762589928,-10.0294672177203,5.45826930372786
"280","44241","indoor","pm25","hepa",3.45375817946226,0.939,0.16,0.536,1.7,11.74775,13.959568277761
"281","44241","indoor","pm25","sham",6.00353210454751,2.639,0.684,1.274,4.74025,22.5685,14.4009146261204
"282","44241","indoor","pm25","redu",42.4712299473483,64.4183402804092,76.6081871345029,57.9277864992151,64.1369126100944,47.9462525201055,3.06471053969635
"283","44241","indoor","temp","hepa",22.7858462908973,22.74,21.46,22.21,23.35,24.5,1.22975991303755
"284","44241","indoor","temp","sham",22.556728357758,22.76,19.74,21.22,23.8,25.13,1.67296717184972
"285","44241","indoor","temp","redu",-1.01574097761629,0.087873462214425,-8.71327254305979,-4.66540999057494,1.89075630252101,2.50696378830083,26.4922866551012
"286","44241","outdoor","pm1","hepa",4.16779654319016,3.225,0.453,1.693,6.001,9.95849999999997,3.65361229493822
"287","44241","outdoor","pm1","sham",1.32130240663292,1,0.17685,0.614,1.616,3.269,1.48931233307735
"288","44241","outdoor","pm1","redu",-215.430935588091,-222.5,-156.149279050042,-175.732899022801,-271.34900990099,-204.634444784337,-145.322100260112
"289","44241","outdoor","pm10","hepa",11.0648704694236,7.2715,1.36855,3.84775,12.439,35.5972499999999,15.0183815556119
"290","44241","outdoor","pm10","sham",15.2788910778487,9.1615,0.84885,3.46025,20.785,42.38215,29.3312454470557
"291","44241","outdoor","pm10","redu",27.5806705274219,20.6298095290073,-61.2240089532898,-11.198612816993,40.1539571806591,16.0088622214778,48.7973274686857
"292","44241","outdoor","pm1num","hepa",13.3303560993134,11.057,2.09755,6.635,17.78425,31.09935,9.43687670003123
"293","44241","outdoor","pm1num","sham",4.07904207938954,2.8925,0.764,1.986,5.08,10.8713,4.01926874271104
"294","44241","outdoor","pm1num","redu",-226.801142029612,-282.264477095938,-174.548429319372,-234.088620342397,-250.083661417323,-186.068363489187,-134.790886206478
"295","44241","outdoor","pm25","hepa",5.22478768162223,3.9965,0.817,2.323,7.076,12.1276,4.44604968116885
"296","44241","outdoor","pm25","sham",2.52753191723531,2.1975,0.364,1.029,3.568,5.497,2.2049862075959
"297","44241","outdoor","pm25","redu",-106.715003121989,-81.8657565415245,-124.450549450549,-125.75315840622,-98.3183856502242,-120.622157540476,-101.636167421491
"298","44241","outdoor","temp","hepa",4.72487545904519,5.11,-7.1845,0.73,8.74,14.2645,6.02978104173429
"299","44241","outdoor","temp","sham",14.1327258052682,14.59,3.69,8.7,20.14,23.53,6.4443180464315
"300","44241","outdoor","temp","redu",66.5678403151081,64.9760109664154,294.70189701897,91.6091954022989,56.6037735849057,39.377390565236,6.4325969281847
"301","44241","ratio","pm1","hepa",0.693821129732834,0.200322122216959,0.0667175013188988,0.120663800859742,0.334743039308944,2.18147846825129,2.76573221215267
"302","44241","ratio","pm1","sham",4.44844798032666,1.32718457862174,0.56120391700542,0.837993202821068,2.65798573213107,16.4124615115066,15.0457156260473
"303","44241","ratio","pm1","redu",84.4030742227116,84.9062349394543,88.1117185220476,85.6008616235153,87.4061385935071,86.7084016207936,81.617808810871
"304","44241","ratio","pm10","hepa",1.69137863300649,0.255606327762187,0.0511942702569993,0.123196906324076,0.864571487646025,6.28591236913078,7.44882436441093
"305","44241","ratio","pm10","sham",1.7773789583782,0.469835448636302,0.0737787172132094,0.204836010950072,1.3450927319305,7.02703333188826,5.15093518047574
"306","44241","ratio","pm10","redu",4.83860377475016,45.5966278185086,30.6110594074772,39.8558360160098,35.7240235470473,10.5467119302581,-44.6111065937147
"307","44241","ratio","pm1num","hepa",1.42943087102659,0.322945898778359,0.126361310278079,0.25176837227739,0.588374477482451,4.32708371181808,7.58967591307392
"308","44241","ratio","pm1num","sham",3.81707173539803,1.6883571679176,0.699810126500742,1.08153211405346,2.89782472169296,14.719835133319,8.86523846288707
"309","44241","ratio","pm1num","redu",62.5516372204742,80.8721812590947,81.9434864554014,76.7211376337415,79.6959949620862,70.6037216271293,14.3883614090371
"310","44241","ratio","pm25","hepa",1.14113381759743,0.208846761453397,0.0658989448061004,0.131622792402532,0.458915946582875,3.24578988158364,5.84391039791036
"311","44241","ratio","pm25","sham",3.67063935444751,1.11635021742902,0.331615785758358,0.702942508815599,2.69936781154711,14.2499109265868,9.11375746170292
"312","44241","ratio","pm25","redu",68.9118513859232,81.2920033343679,80.1279228443849,81.275454144279,82.9991324405749,77.2223847692423,35.8781444155481
"313","44241","ratio","temp","hepa",1.30473559150236,2.8196662693683,-16.9798328712511,1.54996116093496,5.01770303164417,24.7496280306479,71.902307592661
"314","44241","ratio","temp","sham",2.53186973620355,1.63388062235047,1.04835135583652,1.19191420688816,2.47656965389007,5.72772248649264,4.04161129631797
"315","44241","ratio","temp","redu",48.4675071214855,-72.5748032504342,1719.67004446733,-30.0396582218442,-102.606981950321,-332.102429700698,-1679.05054002017
"316","44621","indoor","pm1","hepa",2.02897716710447,0.726,0.247,0.464,1.077,2.64315,12.2992522331842
"317","44621","indoor","pm1","sham",1.82820217455187,1.212,0.263,0.704,2.475,5.2536,1.60957585976728
"318","44621","indoor","pm1","redu",-10.9821000842981,40.0990099009901,6.08365019011407,34.0909090909091,56.4848484848485,49.6887848332572,-664.130013416237
"319","44621","indoor","pm10","hepa",4.63988694685795,1.114,0.318,0.64825,2.30025,13.3353,25.3841580161843
"320","44621","indoor","pm10","sham",4.28271035360956,2.777,0.45,1.246,5.375,13.494,4.74572756460055
"321","44621","indoor","pm10","redu",-8.33996613726993,59.8847677349658,29.3333333333333,47.9735152487961,57.2046511627907,1.17607825700314,-434.884433854367
"322","44621","indoor","pm1num","hepa",2.97493261264902,1.4505,0.781,1.086,2.0355,5.42735,9.79307649056469
"323","44621","indoor","pm1num","sham",3.73604358899011,2.462,0.582,1.447,4.51,13.0838,3.48794957262288
"324","44621","indoor","pm1num","redu",20.3721117864908,41.0844841592202,-34.1924398625429,24.9481686247409,54.8669623059867,58.5185496568276,-180.768866827408
"325","44621","indoor","pm25","hepa",2.34851515457668,0.839,0.288,0.536,1.214,2.89015,14.7646171043846
"326","44621","indoor","pm25","sham",2.07544784014105,1.449,0.327,0.855,2.804,5.852,1.73710726782232
"327","44621","indoor","pm25","redu",-13.1570309382997,42.0979986197378,11.9266055045872,37.3099415204678,56.7047075606277,50.6126110731374,-749.954253135665
"328","44621","indoor","temp","hepa",21.1582673267327,21.34,18.86,20.61,21.99,22.5,1.11295567881126
"329","44621","indoor","temp","sham",24.2103878930356,24.15,21.03,22.75,25.49,27.43,1.96366559998195
"330","44621","indoor","temp","redu",12.6066570258499,11.6356107660455,10.3185924869234,9.40659340659341,13.7308748528835,17.9730222384251,43.3225454058222
"331","44621","outdoor","pm1","hepa",1.64697508573734,1.438,0.396,0.839,2.144,3.66355,1.17718865065114
"332","44621","outdoor","pm1","sham",3.19219088461155,2.14,0.8453,1.439,4.089,7.75849999999999,3.30327070829757
"333","44621","outdoor","pm1","redu",48.4061215237209,32.803738317757,53.1527268425411,41.6956219596942,47.5666422108095,52.7801765805245,64.3629373852367
"334","44621","outdoor","pm10","hepa",6.54625892677022,3.295,0.722,1.947,6.667,20.59815,13.5258731148063
"335","44621","outdoor","pm10","sham",14.3996487483794,11.047,2.4953,6.4315,18.439,34.483,14.7609266662756
"336","44621","outdoor","pm10","redu",54.5387596519882,70.1728976192632,71.0656033342684,69.7271243100365,63.8429415911926,40.265783139518,8.36704618478388
"337","44621","outdoor","pm1num","hepa",16.3982301795441,14.848,6.67965,10.706,20.75175,30.8583,7.52809056025354
"338","44621","outdoor","pm1num","sham",7.46362311758253,4.791,2.4713,3.773,8.705,22.4116,6.51916881875663
"339","44621","outdoor","pm1num","redu",-119.708711455616,-209.914422876226,-170.288916764456,-183.752981712165,-138.388856978748,-37.6889646433098,-15.4762327767013
"340","44621","outdoor","pm25","hepa",2.26826669356466,1.951,0.54065,1.179,2.765,5.35635,1.65000055173522
"341","44621","outdoor","pm25","sham",3.73714929689837,2.742,1.0613,1.84,4.832,8.4351,3.43996308043616
"342","44621","outdoor","pm25","redu",39.304894898173,28.8475565280817,49.0577593517384,35.9239130434783,42.7773178807947,36.4992709037237,52.034352894101
"343","44621","outdoor","temp","hepa",9.02800786766189,7.81,1.02,5.02,12.1375,20.037,5.67200609821506
"344","44621","outdoor","temp","sham",21.3347013064725,19.95,8.336,15.76,26.51,37.99,8.40577995327155
"345","44621","outdoor","temp","redu",57.6839265852624,60.8521303258145,87.763915547025,68.1472081218274,54.2153904187099,47.2571729402474,32.5225484161348
"346","44621","ratio","pm1","hepa",1.30319241034144,0.535487028879099,0.186496258938943,0.361621326093681,0.894240712946424,2.20475532058045,6.4991673890145
"347","44621","ratio","pm1","sham",0.589141676101683,0.561558707413365,0.254483245412335,0.417298824929347,0.706217751811921,1.02631943663859,0.252703001806017
"348","44621","ratio","pm1","redu",-121.201870993849,4.64273426626323,26.7157023886714,13.342356965681,-26.6239358401991,-114.821549887185,-2471.8599868487
"349","44621","ratio","pm10","hepa",1.03780567411832,0.382620744259699,0.0612667194617042,0.188526627680982,0.936222083455856,3.37242416814616,5.03586982883203
"350","44621","ratio","pm10","sham",0.346303203874615,0.260445880029245,0.0586877945481339,0.148275350859854,0.452118344293286,0.899716568575715,0.296989308778372
"351","44621","ratio","pm10","redu",-199.681222266161,-46.9098855457936,-4.39431219630376,-27.1463035411548,-107.074562506257,-274.831839929861,-1595.64010554671
"352","44621","ratio","pm1num","hepa",0.241048819412577,0.0966835137829504,0.0513409629645662,0.0753433792670654,0.132382420569199,0.395545611040637,0.957709674816995
"353","44621","ratio","pm1num","sham",0.499761484744032,0.495064464141821,0.187217536461269,0.351307038610752,0.625014103576667,0.846739029589108,0.197274708177924
"354","44621","ratio","pm1num","redu",51.7672276133808,80.4705203491937,72.5768408585018,78.5534102689739,78.8192906669408,53.2860069964437,-385.470075542187
"355","44621","ratio","pm25","hepa",1.03697092397552,0.436568437820002,0.143974351163597,0.302313416598589,0.722424567656125,1.83481415581565,4.94473102195098
"356","44621","ratio","pm25","sham",0.561752566561253,0.545396544954849,0.239403308125145,0.396031028769393,0.682581142416717,0.950020810043968,0.229434588850945
"357","44621","ratio","pm25","redu",-84.5956717782874,19.9539414287738,39.861168882288,23.6642094590461,-5.83717052281006,-93.1341015288633,-2055.18115499289
"358","44621","ratio","temp","hepa",6.66406649718743,2.64570438227284,1.0035966169828,1.71437757651305,4.02372044548625,12.4850673602774,105.649658469945
"359","44621","ratio","temp","sham",1.33500697133627,1.26124059460451,0.671125055130038,0.925813208964072,1.54180977542933,2.49657569694134,0.586527353907279
"360","44621","ratio","temp","redu",-399.178404328261,-109.769998966965,-49.5394352082929,-85.1753204549036,-160.973857450464,-400.087675113294,-17912.7419064324
"361","45361","indoor","pm1","hepa",0.262737477304283,0.163,0.003,0.066,0.333,0.8139,0.36766841082742
"362","45361","indoor","pm1","sham",0.39089733135656,0.325,0.054,0.178,0.51,0.897,0.37973119800194
"363","45361","indoor","pm1","redu",32.7860652329129,49.8461538461538,94.4444444444444,62.9213483146067,34.7058823529412,9.26421404682279,3.17666476654858
"364","45361","indoor","pm10","hepa",4.87193474313788,0.95,0.063,0.2455,5.6715,20.0928,11.6220951253031
"365","45361","indoor","pm10","sham",6.63932999752903,1.9205,0.25265,0.655,8.44125,23.9143,14.8307771230086
"366","45361","indoor","pm10","redu",26.6200844821529,50.533715178339,75.064318226796,62.5190839694656,32.8120835184363,15.9799785065839,21.6352924131502
"367","45361","indoor","pm1num","hepa",1.429983765887,0.756,0.29,0.497,1.7005,4.7996,1.6251019329288
"368","45361","indoor","pm1num","sham",2.46383580429948,2.1055,0.436,1.426,3.24275,5.31,1.71434296954337
"369","45361","indoor","pm1num","redu",41.9610769763298,64.0940394205652,33.4862385321101,65.1472650771388,47.5599414077558,9.61205273069684,5.20555327609479
"370","45361","indoor","pm25","hepa",0.413284951404464,0.3,0.048,0.155,0.531,1.0819,0.456686573412387
"371","45361","indoor","pm25","sham",0.697749073387695,0.552,0.178,0.372,0.794,1.37735,0.96527762433971
"372","45361","indoor","pm25","redu",40.7688283414132,45.6521739130435,73.0337078651685,58.3333333333333,33.1234256926952,21.4506116818528,52.6885776799416
"373","45361","indoor","temp","hepa",21.9085218412902,21.81,21.08,21.46,22.17,23.249,0.828655988904557
"374","45361","indoor","temp","sham",21.5705831480109,21.51,20.73,21.13,21.85,23.05,0.681054365307071
"375","45361","indoor","temp","redu",-1.56666461430587,-1.39470013947,-1.68837433671007,-1.56176053005207,-1.46453089244851,-0.863340563991299,-21.6725170729853
"376","45361","outdoor","pm1","hepa",1.66032373482325,1.396,0.158,0.65,2.3815,3.9327,1.37051830557544
"377","45361","outdoor","pm1","sham",3.16670418538662,2.543,0.53785,1.55025,3.812,8.211,2.6514449557813
"378","45361","outdoor","pm1","redu",47.5693453627546,45.1042076287849,70.6237798642744,58.0712788259958,37.5262329485834,52.1044939715017,48.3105126287042
"379","45361","outdoor","pm10","hepa",14.7146193187923,5.449,1.3149,2.8085,18.852,53.7796999999999,24.756057538141
"380","45361","outdoor","pm10","sham",7.95518373137858,5.8995,0.88485,3.245,10.453,20.87645,8.64576780891174
"381","45361","outdoor","pm10","redu",-84.9689437184422,7.63624035935249,-48.6014578742159,13.4514637904468,-80.3501387161581,-157.609411561831,-186.337293405259
"382","45361","outdoor","pm1num","hepa",3.90334253787472,3.262,0.8296,2.1,5.1615,8.9627,2.56236142552221
"383","45361","outdoor","pm1num","sham",18.9283030267203,18.529,7.21055,12.5035,23.92825,33.6008,7.9419709370499
"384","45361","outdoor","pm1num","redu",79.3782753141444,82.3951643369853,88.4946363314865,83.2047026832487,78.4292624826304,73.3259327158877,67.7364542651674
"385","45361","outdoor","pm25","hepa",2.9570114967229,2.356,0.6026,1.4685,3.684,7.76659999999999,2.26642943755571
"386","45361","outdoor","pm25","sham",3.75349030503665,3.147,0.644,2.213,4.56375,8.943,2.75111501730519
"387","45361","outdoor","pm25","redu",21.2196847090558,25.1350492532571,6.42857142857143,33.6421147763217,19.2769104354971,13.1544224533155,17.6177868500841
"388","45361","outdoor","temp","hepa",3.35222413237348,2.98,-0.36,1.13,6.21,7.2,2.84057671911727
"389","45361","outdoor","temp","sham",6.61021163395602,5.99,1.93,4.54,8.33,12.35,3.21605504697507
"390","45361","outdoor","temp","redu",49.2871890038523,50.2504173622704,118.652849740933,75.1101321585903,25.4501800720288,41.7004048582996,11.675121301514
"391","45361","ratio","pm1","hepa",0.22043374807004,0.116328210975531,0.0410015029451093,0.0763044552460321,0.20862557886888,0.644324868579724,0.372809365465165
"392","45361","ratio","pm1","sham",0.170830313842004,0.139486103828002,0.0621543300785077,0.101927675918545,0.199172576832151,0.384669368071814,0.123680053147091
"393","45361","ratio","pm1","redu",-29.0366698464963,16.6022938607753,34.0327489761051,25.1386293679349,-4.74613633416747,-67.500955901286,-201.430469973835
"394","45361","ratio","pm10","hepa",0.594476906661678,0.210359914475284,0.0198404436332876,0.0740566079295548,0.639889722522793,2.55819322353331,0.979105502164375
"395","45361","ratio","pm10","sham",1.6389297030212,0.428000628129744,0.078534933242346,0.148279749906044,1.43998513169074,7.04528854984542,3.76950558996704
"396","45361","ratio","pm10","redu",63.7277361215786,50.850559403498,74.7367918782547,50.0561553573701,55.5627548895956,63.6893051940444,74.0256254090623
"397","45361","ratio","pm1num","hepa",0.542228352492283,0.2289526639831,0.0812801670450853,0.137242578659361,0.515608170163587,2.13566955417829,0.87030920842567
"398","45361","ratio","pm1num","sham",0.145774822399135,0.106721498698638,0.0396479313971543,0.0752406404031262,0.171886812493362,0.346069307471512,0.12072067671262
"399","45361","ratio","pm1num","redu",-271.962965598853,-114.53284181252,-105.004811552209,-82.4048518513923,-199.969592014803,-517.121919820668,-620.928039939235
"400","45361","ratio","pm25","hepa",0.19401075026126,0.118099297015072,0.0284607906742134,0.0713008722951008,0.232791279935568,0.676731565350037,0.216589778198572
"401","45361","ratio","pm25","sham",0.274811731444397,0.180078218881776,0.0837045539408198,0.138338547097671,0.268740476455941,0.73976628822065,0.378282849071006
"402","45361","ratio","pm25","redu",29.4023041732795,34.4177781475026,65.9985158103398,48.4591433183404,13.3769192473194,8.52089692032739,42.7439603115825
"403","45361","ratio","temp","hepa",4.55105055576416,4.96065990922332,-64.2851608391608,3.28139635336453,11.453985587302,38.4912856339273,131.478442222834
"404","45361","ratio","temp","sham",4.61536906925426,3.70916005291005,1.75724065549191,2.56902027852431,4.7235807860262,10.963975209905,4.10388725406934
"405","45361","ratio","temp","redu",1.39357248629498,-33.7407887085215,3758.30147613818,-27.729484301674,-142.485226910618,-251.070527769468,-3103.75376035153
"406","45411","indoor","pm1","hepa",0.700222984392087,0.334,0.07,0.175,0.805,2.4683,1.14106899121694
"407","45411","indoor","pm1","sham",2.82190717048497,2.058,0.176,0.824,3.901,7.9049,3.03075666627261
"408","45411","indoor","pm1","redu",75.1861793429673,83.7706511175899,60.2272727272727,78.7621359223301,79.36426557293,68.7750635681666,62.3503594361375
"409","45411","indoor","pm10","hepa",9.57156854558107,3.863,0.143,0.5385,13.4385,35.2994,14.3346439958279
"410","45411","indoor","pm10","sham",6.36797332143211,4.352,0.7391,2.154,8.1395,17.648,7.84267022976569
"411","45411","indoor","pm10","redu",-50.3079247107853,11.2362132352941,80.6521445000676,75,-65.1022790097672,-100.019265639166,-82.777594567509
"412","45411","indoor","pm1num","hepa",1.87340779401531,0.968,0.3109,0.593,2.353,5.7801,2.35586937092537
"413","45411","indoor","pm1num","sham",13.7401986511951,10.123,1.3951,3.6815,20.6005,40.7118,11.8473177136282
"414","45411","indoor","pm1num","redu",86.3654970239286,90.4376173071224,77.7148591498817,83.8924351487166,88.5779471372054,85.8023963568302,80.1147447222136
"415","45411","indoor","pm25","hepa",0.978512973456606,0.488,0.1119,0.275,1.22,3.3882,1.37957775560491
"416","45411","indoor","pm25","sham",3.17457363879798,2.335,0.364,1.064,4.3595,8.7094,3.17748833043786
"417","45411","indoor","pm25","redu",69.1765545616037,79.1006423982869,69.2582417582418,74.1541353383459,72.015139350843,61.0972053183916,56.582759332595
"418","45411","indoor","temp","hepa",22.7905249030719,22.06,20.98,21.57,23.73,27.03,1.82856776044392
"419","45411","indoor","temp","sham",20.6993880789448,20.83,19.8,20.39,21.09,21.42,0.821735630832373
"420","45411","indoor","temp","redu",-10.1024089028709,-5.90494479116659,-5.95959595959596,-5.78715056400196,-12.5177809388336,-26.1904761904762,-122.525066680105
"421","45411","outdoor","pm1","hepa",2.6329282163452,1.9475,0.72085,1.243,3.576,6.33215,2.01080892977687
"422","45411","outdoor","pm1","sham",4.27684359861592,2.52,0.6267,1.45,6.2495,12.4871,3.95022293214219
"423","45411","outdoor","pm1","redu",38.4375847366204,22.718253968254,-15.0231370671773,14.2758620689655,42.7794223537883,49.2904677627311,49.0963177441122
"424","45411","outdoor","pm10","hepa",7.09731248757208,3.8705,1.006,2.06425,9.18675,23.07475,7.95880976324065
"425","45411","outdoor","pm10","sham",8.46046851211073,6.794,1.451,3.3845,11.129,21.8026,6.9986776484593
"426","45411","outdoor","pm10","redu",16.1120630918649,43.0306152487489,30.6685044796692,39.0087162062343,17.4521520352233,-5.83485455863066,-13.7187646439569
"427","45411","outdoor","pm1num","hepa",8.99051749850865,6.8885,1.38985,3.0735,12.48675,24.6967,8.01613994333139
"428","45411","outdoor","pm1num","sham",11.3975290163124,7.257,3.3347,4.793,15.55,34.6172,9.46911988012381
"429","45411","outdoor","pm1num","redu",21.1187136646793,5.0778558633044,58.321588148859,35.8752347172961,19.6993569131833,28.6577192840553,15.3444032305717
"430","45411","outdoor","pm25","hepa",3.37244611254723,2.381,0.835,1.484,4.3865,9.52515,2.77446165612105
"431","45411","outdoor","pm25","sham",4.97837805239743,3.586,1.058,2.1145,6.8435,12.8711,3.91793036776471
"432","45411","outdoor","pm25","redu",32.2581355402858,33.6029001673173,21.0775047258979,29.8179238590683,35.9026813764886,25.9958356317641,29.1855292031655
"433","45411","outdoor","temp","hepa",15.1693994829986,14.11,10.54,13.01,17.05,21.81,3.82054335059468
"434","45411","outdoor","temp","sham",2.90223924864063,3.22,-3.55,1.095,5.34,8.4,3.3972397830104
"435","45411","outdoor","temp","redu",-422.679151627618,-338.198757763975,396.901408450704,-1088.12785388128,-219.288389513109,-159.642857142857,-12.4602204913889
"436","45411","ratio","pm1","hepa",0.316821386646699,0.168787455873902,0.0644287667964194,0.11963897937025,0.257793863617669,0.913390366474991,0.679762322539299
"437","45411","ratio","pm1","sham",1.73509039768277,0.508323015545467,0.0927337930218224,0.191384127463566,1.85444355974766,5.42606741530795,3.44052499711088
"438","45411","ratio","pm1","redu",81.7403527176557,66.7952363532505,30.5228820077943,37.4875121799086,86.0985867020537,83.1666233283769,80.2424826702286
"439","45411","ratio","pm10","hepa",1.84388109254998,0.911498363899247,0.0617328882946202,0.254326343697276,2.34890440645317,6.33932395983863,3.02541262608924
"440","45411","ratio","pm10","sham",1.22025011490742,0.723657742073638,0.0915043229416342,0.331960623272063,1.60690026229067,4.07526864984129,1.38873241356581
"441","45411","ratio","pm10","redu",-51.1068157276812,-25.9571080228276,32.5355498952805,23.386592906581,-46.1761169361408,-55.5559769068357,-117.854253024956
"442","45411","ratio","pm1num","hepa",0.331723775616616,0.200470836546657,0.0400314738327174,0.125154489793019,0.279201769071685,1.01460222124912,0.64782192618872
"443","45411","ratio","pm1num","sham",2.11814431485348,1.04468274321641,0.151653545790088,0.353023643528342,2.62300164859265,8.77295978335476,2.78301849366714
"444","45411","ratio","pm1num","redu",84.3389436078362,80.8103620119693,73.6033380398984,64.5478448576005,89.3556388261712,88.4348925983433,76.7223276574388
"445","45411","ratio","pm25","hepa",0.360451595110096,0.199901687694576,0.0750785001509951,0.14174994901081,0.304161705505471,0.964037599886285,0.683002928775951
"446","45411","ratio","pm25","sham",1.21736034714016,0.522452327250359,0.111817326972922,0.213804422944022,1.25965413748749,4.4803378150106,1.85851545782966
"447","45411","ratio","pm25","redu",70.3907231776628,61.7378127595585,32.8561125690509,33.7011147576108,75.8535540468154,78.4829260718591,63.2500808159245
"448","45411","ratio","temp","hepa",1.56201561972535,1.5974082386158,1.14864229295354,1.3641975308642,1.70471974069096,1.98852448620575,0.266627255207061
"449","45411","ratio","temp","sham",3.38118812728816,4.45815170008718,-16.4755947028852,2.55063137445362,6.93032514930325,18.7492633998537,50.8772963845576
"450","45411","ratio","temp","redu",53.8027592396006,64.1688227301786,106.971780464789,46.5153003084804,75.4020236573987,89.3941194179326,99.4759405979599
"451","45451","indoor","pm1","hepa",0.466403996348514,0.308,0.0729,0.185,0.568,1.3302,0.468754679628502
"452","45451","indoor","pm1","sham",2.08776678264429,1.359,0.707,1.042,2.13825,6.54419999999998,1.90392526232337
"453","45451","indoor","pm1","redu",77.6601486226453,77.336276674025,89.6888260254597,82.2456813819578,73.4362212089325,79.6736041074538,75.379565106643
"454","45451","indoor","pm10","hepa",1.74594035906279,0.668,0.146,0.356,1.4055,7.1092,4.45880437589047
"455","45451","indoor","pm10","sham",3.43731794924273,2.2605,0.831,1.44775,4.1535,9.55045,3.2669452383179
"456","45451","indoor","pm10","redu",49.2063176917507,70.4490157044902,82.4308062575211,75.4101191504058,66.1610689779704,25.5616227507604,-36.482372694629
"457","45451","indoor","pm1num","hepa",1.16086854650573,0.722,0.265,0.518,1.2645,3.5471,1.06774853777018
"458","45451","indoor","pm1num","sham",3.52343317642243,2.86,1.32055,2.14975,3.60525,9.13914999999999,2.76399892397244
"459","45451","indoor","pm1num","redu",67.0529143486003,74.7552447552447,79.9326038393094,75.9041749040586,64.9261493655086,61.1878566387465,61.3694300489958
"460","45451","indoor","pm25","hepa",0.580795821077188,0.408,0.116,0.261,0.7165,1.51,0.576711656332161
"461","45451","indoor","pm25","sham",2.3581513507982,1.655,0.777,1.247,2.5225,6.8049,1.92624177081986
"462","45451","indoor","pm25","redu",75.370714823686,75.3474320241692,85.0707850707851,79.0697674418605,71.595639246779,77.8101074225925,70.0602663139894
"463","45451","indoor","temp","hepa",25.2326037123441,25.6,20.939,24.22,26.47,28.05,2.03375163563045
"464","45451","indoor","temp","sham",22.0986952517397,22.13,20.76,21.42,22.76,23.49,0.842965938504415
"465","45451","indoor","temp","redu",-14.1814185177185,-15.6800723000452,-0.862235067437372,-13.0718954248366,-16.3005272407733,-19.4125159642401,-141.26142501543
"466","45451","outdoor","pm1","hepa",2.52129393828516,1.76,0.221,1.085,2.5445,8.8601,2.53817123829099
"467","45451","outdoor","pm1","sham",2.04447466882395,1.726,0.715,1.222,2.345,4.482,1.44659801630696
"468","45451","outdoor","pm1","redu",-23.3223368688395,-1.96987253765933,69.0909090909091,11.2111292962357,-8.50746268656716,-97.6818384649709,-75.4579509773369
"469","45451","outdoor","pm10","hepa",10.8681580680571,8.711,2.1729,5.0895,13.754,27.0169,9.02068629528831
"470","45451","outdoor","pm10","sham",12.3141577510365,5.932,1.5854,3.056,13.922,46.3816,17.5254111140658
"471","45451","outdoor","pm10","redu",11.7425788447262,-46.8476062036413,-37.0568941592027,-66.5412303664922,1.20672317195805,41.7508236024631,48.5279618459372
"472","45451","outdoor","pm1num","hepa",13.2058207098427,9.021,3.8599,6.364,16.7285,34.102,9.70809088711129
"473","45451","outdoor","pm1num","sham",16.0220947517444,10.094,3.488,6.06,17.883,51.6704,15.8358596602339
"474","45451","outdoor","pm1num","redu",17.5774396889962,10.6300772736279,-10.6622706422018,-5.01650165016502,6.45585192641055,34.0008979996285,38.6955233539376
"475","45451","outdoor","pm25","hepa",3.33279290157336,2.718,0.6439,1.9715,3.527,9.1871,2.44850826910637
"476","45451","outdoor","pm25","sham",3.09336060268986,2.616,1.1084,1.764,3.818,6.8796,1.87733637763905
"477","45451","outdoor","pm25","redu",-7.74020004894693,-3.89908256880733,41.9072536990256,-11.7630385487528,7.62179151388161,-33.54119425548,-30.4245897682773
"478","45451","outdoor","temp","hepa",18.5705951945359,18.57,10.57,14.59,22.585,27.691,5.22419802674262
"479","45451","outdoor","temp","sham",9.91772171099201,9.94,2.194,6.35,12.89,17.91,4.60810651661852
"480","45451","outdoor","temp","redu",-87.2465848074135,-86.8209255533199,-381.768459434822,-129.763779527559,-75.2133436772692,-54.6119486320491,-13.3697324031518
"481","45451","ratio","pm1","hepa",0.275323461254325,0.165101114519067,0.0803672085134484,0.122826148669831,0.348473329811305,0.668715952622738,0.382225399205986
"482","45451","ratio","pm1","sham",1.31389325216042,0.856224217422956,0.354643942376122,0.57641808085526,1.42744029075805,3.98408764413632,1.45170524985432
"483","45451","ratio","pm1","redu",79.0452184146913,80.7175373973905,77.3386208220599,78.6914823199876,75.5875372113641,83.2153302750019,73.6705919301219
"484","45451","ratio","pm10","hepa",0.19877987453867,0.0985022405456394,0.0270493431228494,0.0594649386327646,0.191078756712425,0.555018218144275,0.524067994919785
"485","45451","ratio","pm10","sham",0.517223878297574,0.375579392431038,0.071175928585192,0.217064852716541,0.611008806663677,1.42847937768088,0.542932136126887
"486","45451","ratio","pm10","redu",61.5679238953647,73.7732573909188,61.9965012602913,72.6049897583289,68.727331811176,61.1462211624404,3.47449339463912
"487","45451","ratio","pm1num","hepa",0.0915981947048778,0.0854899393995521,0.0368236926426917,0.0681768257894505,0.108412864213419,0.147593218424271,0.0448211721800145
"488","45451","ratio","pm1num","sham",0.308800953495964,0.280703330552525,0.0902258516385724,0.192281223332507,0.366453868771688,0.58145196926711,0.203410693952149
"489","45451","ratio","pm1num","redu",70.3374637714404,69.544380100059,59.1872041394517,64.5431703585774,70.4156857241522,74.6164384634719,77.9651839786956
"490","45451","ratio","pm25","hepa",0.207973827256791,0.149965382702989,0.0733508544912664,0.115646899671355,0.234079384300198,0.49972724440769,0.218600010952419
"491","45451","ratio","pm25","sham",0.934162433194521,0.644279730102591,0.281457750542579,0.466432278586975,1.01552941176471,2.8277999184275,0.83117163099313
"492","45451","ratio","pm25","redu",77.7368667517928,76.7235603269546,73.9389466625579,75.2060684947234,76.950014289253,82.3280550667255,73.6997747756112
"493","45451","ratio","temp","hepa",1.52769129552687,1.42483233554614,0.955472971903021,1.18886538290861,1.80773615602744,2.34988167222238,0.424892132440089
"494","45451","ratio","temp","sham",3.55490784929118,2.18864433190495,1.14138412362858,1.75388145315488,3.26654211427682,5.31423636280364,39.8393316775471
"495","45451","ratio","temp","redu",57.0258538253958,34.8988634299482,16.2882195289809,32.2151801782225,44.6590280245734,55.7813858512186,98.9334857926858
"496","46591","indoor","pm1","hepa",1.26294423676012,0.64,0.14,0.383,1.191,3.574,4.8089227315152
"497","46591","indoor","pm1","sham",0.87860684997588,0.678,0.189,0.395,1.148,2.1538,0.870843740977505
"498","46591","indoor","pm1","redu",-43.7439551939295,5.6047197640118,25.9259259259259,3.03797468354431,-3.74564459930315,-65.9392701272171,-452.214192424151
"499","46591","indoor","pm10","hepa",3.40407933541018,1.638,0.26945,0.791,3.69125,11.6422,7.01128384239579
"500","46591","indoor","pm10","sham",3.22739160636758,1.854,0.318,0.834,3.596,11.2734,4.47646590249639
"501","46591","indoor","pm10","redu",-5.47462937853565,11.6504854368932,15.2672955974843,5.15587529976018,-2.64877641824249,-3.27141767346146,-56.625427180978
"502","46591","indoor","pm1num","hepa",5.83424444444444,2.7925,0.504,1.67925,5.627,18.9361,12.1605977995795
"503","46591","indoor","pm1num","sham",2.86339334298119,1.957,0.818,1.327,3.182,7.49159999999997,4.07969119211446
"504","46591","indoor","pm1num","redu",-103.752811633284,-42.6928972917731,38.3863080684597,-26.5448379804069,-76.8384663733501,-152.764429494368,-198.076428507247
"505","46591","indoor","pm25","hepa",1.62480332294912,0.916,0.213,0.543,1.748,4.29055,5.04354522383944
"506","46591","indoor","pm25","sham",1.19171345875543,0.934,0.268,0.572,1.509,2.7148,1.30507774577517
"507","46591","indoor","pm25","redu",-36.3417783873978,1.92719486081371,20.5223880597015,5.06993006993006,-15.8383035122598,-58.0429497568882,-286.455538006568
"508","46591","indoor","temp","hepa",23.4979293873313,23.505,22.25,22.91,24,24.9055,0.873711083498975
"509","46591","indoor","temp","sham",23.9712262421611,23.81,23.29,23.55,24.37,25.23,0.826639507163413
"510","46591","indoor","temp","redu",1.97443739443507,1.28097438051237,4.46543580936024,2.71762208067941,1.51826015592943,1.28616726119702,-5.69432938150832
"511","46591","outdoor","pm1","hepa",2.72690719521008,1.842,0.4503,1.413,2.6635,8.2124,2.33840674239386
"512","46591","outdoor","pm1","sham",2.49687961276718,1.967,0.771,1.26,3.056,5.834,2.06453052099591
"513","46591","outdoor","pm1","redu",-9.21260205204548,6.35485510930351,41.5953307392996,-12.1428571428571,12.8435863874346,-40.7679122386013,-13.2657869967376
"514","46591","outdoor","pm10","hepa",13.8112253535666,10.401,2.3573,5.405,16.622,38.8367999999998,18.3926161894912
"515","46591","outdoor","pm10","sham",8.33835378127097,4.489,1.442,2.408,8.708,31.4176,11.4042475912288
"516","46591","outdoor","pm10","redu",-65.6349168655863,-131.699710403208,-63.4743411927878,-124.460132890365,-90.8819476343592,-23.6147891627619,-61.2786467705013
"517","46591","outdoor","pm1num","hepa",9.46709404356354,6.591,2.414,4.578,11.218,26.2478,7.28328071481638
"518","46591","outdoor","pm1num","sham",9.16110169653983,4.961,1.779,2.767,7.519,48.3142,14.308229912234
"519","46591","outdoor","pm1num","redu",-3.34012608046134,-32.8562789760129,-35.6942102304666,-65.4499457896639,-49.1953717249634,45.672700779481,49.0972624881507
"520","46591","outdoor","pm25","hepa",3.6620442861567,2.853,1.0002,1.821,4.654,8.668,2.51153285341788
"521","46591","outdoor","pm25","sham",3.36597670852104,2.521,1.1136,1.577,4.164,9.1512,2.61748764326185
"522","46591","outdoor","pm25","redu",-8.79588907689601,-13.1693772312574,10.1831896551724,-15.4724159797083,-11.7675312199808,5.28018183407637,4.04795759463185
"523","46591","outdoor","temp","hepa",17.8904635077939,17.78,11.75,15.22,20.1,25.25,3.67515839715125
"524","46591","outdoor","temp","sham",12.8513457298955,11.85,3.32,6.55,18.33,25.39,6.98574209579924
"525","46591","outdoor","temp","redu",-39.2108179470742,-50.042194092827,-253.915662650602,-132.36641221374,-9.65630114566287,0.551398188263098,47.3905800306993
"526","46591","ratio","pm1","hepa",0.425375328518573,0.344230900759182,0.138047915071606,0.259326051235334,0.473563789666525,0.696846472164946,0.654679572301959
"527","46591","ratio","pm1","sham",0.408304685064741,0.334813683991395,0.149227381085742,0.22972692706533,0.503623188405797,0.820792030562528,0.321554505320699
"528","46591","ratio","pm1","redu",-4.18085906879207,-2.81267379980459,7.49156484071241,-12.8844818272377,5.96862881441664,15.1007263450934,-103.598320492826
"529","46591","ratio","pm10","hepa",0.290021241400288,0.210599427795536,0.0598822207313762,0.107694995480393,0.366753883875403,0.739589819142032,0.295710358078875
"530","46591","ratio","pm10","sham",0.601367381801518,0.353930727132485,0.0855375110417545,0.205813479942985,0.708523277859701,1.94527553022347,0.737839945832851
"531","46591","ratio","pm10","redu",51.7730342255228,40.4969923064341,29.9930287869317,47.6734976201622,48.2368617466897,61.9802024108601,59.9221538832401
"532","46591","ratio","pm1num","hepa",0.526352797964917,0.425219327459227,0.160603942030481,0.304321772788329,0.628885542190857,0.958667395707757,0.639123542749041
"533","46591","ratio","pm1num","sham",0.510100262503635,0.432164403184485,0.0984862666731555,0.296644812957964,0.576463729753577,1.22587895340978,0.507995371365901
"534","46591","ratio","pm1num","redu",-3.18614528475496,1.60704483619711,-63.0724236542282,-2.58792990641408,-9.09368789944324,21.7975483597931,-25.8128673555747
"535","46591","ratio","pm25","hepa",0.401286917661251,0.341940129616295,0.146610578701835,0.247038935156052,0.478030197197575,0.663810329165062,0.410258744389023
"536","46591","ratio","pm25","sham",0.402372894229838,0.348444477802379,0.152214654793092,0.230419789110684,0.489095756304357,0.812011831579537,0.248252716254097
"537","46591","ratio","pm25","redu",0.269893072858684,1.86668137980179,3.68169286910948,-7.21255153887184,2.26245248791245,18.2511506176199,-65.2585118017825
"538","46591","ratio","temp","hepa",1.3667358684426,1.30406706695366,0.956960734397232,1.19463108755254,1.53575372578292,1.93595518753056,0.276472054638923
"539","46591","ratio","temp","sham",2.76956651130699,2.02240166710081,0.947610712165327,1.31711372201286,3.5864787024405,7.15493266176994,2.27687898126563
"540","46591","ratio","temp","redu",50.6516322008235,35.5188888455033,-0.986694442334836,9.29932111504687,57.1793434953935,72.9423702633191,87.857411091509
