"","deployment","room","participant_id","environment","peak_idx","valley_idx_b","valley_idx_a","peak_hgt","k_val","conv_tol","cumm_pm","hepa","peak_width"
"1","MF","daycare","3","indoor",588,0,1125,7.709,-0.00212156439735293,1.77594459488693e-06,2684.012,TRUE,1125
"2","MF","daycare","3","indoor",1102,801,1270,6.707,-0.00660496834602545,7.42899225843775e-07,1746.928,FALSE,469
"3","MF","daycare","3","indoor",1926,1924,1970,8.559,-0.0446601492522071,5.10731640070933e-07,142.929,TRUE,46
"4","MF","daycare","3","indoor",2183,2149,2298,33.79,-0.042085235413532,6.59417008056827e-06,974.687,TRUE,149
"5","MF","daycare","3","indoor",4100,3656,4584,85.789,-0.0100057607450737,3.83545258632898e-06,20613.724,FALSE,928
"6","MF","daycare","3","indoor",6191,4826,6374,16.501,-0.0160945084644691,1.06360416040326e-06,5209.178,TRUE,1548
"7","MF","daycare","3","indoor",6832,4778,7567,16.025,-0.00158500373272848,2.09567336394471e-06,9840.341,FALSE,2789
"8","MF","daycare","3","indoor",6866,6580,7208,10.434,-0.00677784717234788,4.24224948684632e-06,2560.619,TRUE,628
"9","MF","daycare","3","indoor",7760,7738,7898,6.746,-0.0117600553277752,8.26020092151869e-06,385.081,TRUE,160
"10","MF","daycare","3","indoor",8059,8055,8428,10.843,-0.00589578011844231,3.25840492142884e-06,1268.711,TRUE,373
"11","MF","daycare","3","indoor",8344,7869,8952,68.583,-0.00420244850239574,1.13124857125964e-06,29827.741,FALSE,1083
"12","MF","daycare","3","indoor",9831,9182,9993,47.617,-0.0166523728404097,1.23720540737141e-06,7491.431,TRUE,811
"13","MF","daycare","3","indoor",780,0,1120,11.832,-0.00693233426331808,3.27663851138419e-06,3877.486,TRUE,1120
"14","MF","daycare","3","indoor",1031,786,1270,8.695,-0.00487590793155389,1.07208122488694e-06,2671.439,FALSE,484
"15","MF","daycare","3","indoor",1926,1915,1976,9.57,-0.0371263747669572,1.74254461684071e-07,210.837,TRUE,61
"16","MF","daycare","3","indoor",2187,2046,2314,43.054,-0.0365600617137219,5.60637524394614e-06,1808.864,TRUE,268
"17","MF","daycare","3","indoor",2372,2328,2650,12.672,-0.00654800333611944,3.51799767266011e-06,1731.939,FALSE,322
"18","MF","daycare","3","indoor",4100,3659,4584,91.591,-0.009765394424142,9.04202509397547e-06,23896.395,FALSE,925
"19","MF","daycare","3","indoor",6191,4826,6411,44.58,-0.0188443604365868,3.01766393532459e-06,9869.322,TRUE,1585
"20","MF","daycare","3","indoor",6832,4996,7558,18.026,-0.00136904943240817,5.07035597884596e-07,11652.062,FALSE,2562
"21","MF","daycare","3","indoor",6869,6582,7398,12.176,-0.00529776298535883,9.02769642516554e-06,3497.312,TRUE,816
"22","MF","daycare","3","indoor",7789,7730,7945,7.74,-0.00486891083565365,9.9300252997299e-07,753.137,TRUE,215
"23","MF","daycare","3","indoor",8060,8006,9180,32.233,-0.00789261257940919,5.16527546137419e-06,4866.823,TRUE,1174
"24","MF","daycare","3","indoor",8355,7864,8952,72.243,-0.00418433685465064,2.97631815472701e-07,32130.859,FALSE,1088
"25","MF","daycare","3","indoor",9831,9180,9993,48.175,-0.0162932477132544,1.36731144877346e-06,8660.447,TRUE,813
"26","MF","daycare","3","indoor",24,0,116,16.173,-0.00798888303866526,1.40659497848452e-06,657.78,FALSE,116
"27","MF","daycare","3","indoor",359,355,463,31.274,-0.023567876708577,9.61172716002795e-06,822.545,TRUE,108
"28","MF","daycare","3","indoor",682,463,1065,67.168,-0.00553409485316928,3.00760216505023e-06,7755.762,TRUE,602
"29","MF","daycare","3","indoor",682,678,766,23.945,-0.0219415412604224,4.7651118064837e-06,781.495,FALSE,88
"30","MF","daycare","3","indoor",1033,797,1236,37.167,-0.00673651135426046,4.36188413694908e-06,4834.215,FALSE,439
"31","MF","daycare","3","indoor",1920,1916,1974,14.221,-0.0261517136893391,4.19129901233669e-06,412.644,TRUE,58
"32","MF","daycare","3","indoor",2187,2043,2298,125.036,-0.0498246863261445,3.67963959829082e-06,4188.679,TRUE,255
"33","MF","daycare","3","indoor",2366,2332,2634,53.141,-0.00690565922798647,2.62930628293269e-06,4430.182,FALSE,302
"34","MF","daycare","3","indoor",3508,3482,3567,13.873,-0.0184721515885931,1.1771461984882e-06,542.473,TRUE,85
"35","MF","daycare","3","indoor",3946,3930,4338,15,-0.00219016051512481,7.92173549848744e-07,2096.025,TRUE,408
"36","MF","daycare","3","indoor",3966,3673,4495,108.229,-0.00446123316969508,2.70862712548426e-06,28059.809,FALSE,822
"37","MF","daycare","3","indoor",4830,4826,5219,163.472,-0.0236980795937324,7.98505021160935e-06,8744.279,TRUE,393
"38","MF","daycare","3","indoor",5269,5179,5481,21.799,-0.00713926838071663,1.22336700097491e-06,2178.843,FALSE,302
"39","MF","daycare","3","indoor",5485,5323,5619,17.081,-0.0117049168412434,2.72154369770897e-06,1999.927,TRUE,296
"40","MF","daycare","3","indoor",5509,5507,5564,42.217,-0.0426574595978237,7.41301040643454e-06,463.325,FALSE,57
"41","MF","daycare","3","indoor",6194,6048,6430,128.107,-0.0220691720534929,3.88677878316679e-06,8343.428,TRUE,382
"42","MF","daycare","3","indoor",6455,6446,6531,44.226,-0.0388618008432979,5.53849512228847e-06,1164.361,TRUE,85
"43","MF","daycare","3","indoor",6834,6758,7154,21.29,-0.00629199846233535,1.09044282861655e-06,3076.054,TRUE,396
"44","MF","daycare","3","indoor",7175,6383,7467,39.015,-0.00760099861248921,5.68091739929531e-06,9142.424,FALSE,1084
"45","MF","daycare","3","indoor",7533,7495,7650,23.799,-0.0135037411834445,8.78935133792048e-07,1328.963,TRUE,155
"46","MF","daycare","3","indoor",7850,7731,7957,39.786,-0.0269630985218197,3.59292489653968e-06,2407.987,TRUE,226
"47","MF","daycare","3","indoor",8058,8026,8358,206.949,-0.0268289776071109,4.73948515613778e-06,5992.312,TRUE,332
"48","MF","daycare","3","indoor",8352,7874,8952,88.569,-0.00426970681885859,2.39056859427045e-06,37949.787,FALSE,1078
"49","MF","daycare","3","indoor",9831,8918,9993,49.932,-0.0158043760762874,3.70732835954864e-06,13160.469,TRUE,1075
"50","MF","daycare","2","indoor",414,0,1269,4.859,-0.000873566616932966,3.8858327379001e-06,3913.698,TRUE,1269
"51","MF","daycare","2","indoor",2221,1830,2401,4.713,0.000136652342985593,7.53480063734384e-06,17995.689,TRUE,571
"52","MF","daycare","2","indoor",2489,2403,3863,4.633,-0.000419512098554442,3.19388457740725e-06,3580.415,TRUE,1460
"53","MF","daycare","2","indoor",4527,4217,5053,5.85,-0.00171267643670849,1.81368179574995e-06,2143.099,TRUE,836
"54","MF","daycare","2","indoor",8687,4688,9866,99.784,-0.00183622030524066,5.79732809511466e-06,66029.581,FALSE,5178
"55","MF","daycare","2","indoor",10309,5267,10517,10.074,-0.00638204142517134,4.3098715672558e-06,26005.123,TRUE,5250
"56","MF","daycare","2","indoor",11037,10981,11070,75.846,-0.0623752498521272,3.73396164627667e-07,1716.041,TRUE,89
"57","MF","daycare","2","indoor",11631,11336,13696,6.561,0.00155908340128775,6.30667704317037e-06,27931.752,TRUE,2360
"58","MF","daycare","2","indoor",11707,10518,12358,32.921,-0.000141285830115803,7.60221579110054e-06,52373.427,FALSE,1840
"59","MF","daycare","2","indoor",14460,14275,14760,5.005,-0.00182856727808674,9.21039375316098e-07,2419.662,TRUE,485
"60","MF","daycare","2","indoor",16082,14842,16493,5.843,-0.00137608235466738,1.77014314240835e-06,5800.471,TRUE,1651
"61","MF","daycare","2","indoor",17818,17184,19357,10.945,-0.000496215247718288,3.34165020260068e-06,8954.839,TRUE,2173
"62","MF","daycare","2","indoor",409,0,1269,6.212,-0.00118661798921425,3.20154031995026e-06,4972.763,TRUE,1269
"63","MF","daycare","2","indoor",2489,1808,3469,5.804,-0.00061192793414637,2.17637687963413e-07,25317.608,TRUE,1661
"64","MF","daycare","2","indoor",4713,4355,4929,13.036,-0.00914910733710862,1.19397497113797e-06,3335.529,TRUE,574
"65","MF","daycare","2","indoor",8576,5275,9114,12.01,-0.00237772391521435,3.3142564557519e-06,31134.136,TRUE,3839
"66","MF","daycare","2","indoor",8687,4726,9892,149.836,-0.000722098676819888,1.0330431264781e-06,95480.629,FALSE,5166
"67","MF","daycare","2","indoor",10309,9833,10529,11.691,-0.00539644662014159,6.81088903906001e-06,2531.36,TRUE,696
"68","MF","daycare","2","indoor",11037,10981,11104,86.232,-0.0475362533322192,4.37388642280265e-06,2453.806,TRUE,123
"69","MF","daycare","2","indoor",11631,11346,13816,8.102,0.00103873558868629,7.93835997259891e-06,34221.646,TRUE,2470
"70","MF","daycare","2","indoor",11707,10428,12378,38.303,-0.000365586139487653,5.0323760308858e-06,67188.351,FALSE,1950
"71","MF","daycare","2","indoor",14252,14225,14335,9.118,-0.012364421824891,1.63499189609531e-06,710.955,FALSE,110
"72","MF","daycare","2","indoor",14460,14157,16441,5.79,0.000556421596669757,3.41764626686574e-06,10981.044,TRUE,2284
"73","MF","daycare","2","indoor",17826,17198,19053,11.353,-0.000381505435672358,2.12416930544452e-07,8656.979,TRUE,1855
"74","MF","daycare","2","indoor",26,0,727,11.609,-0.0011056186178496,5.21053341321825e-06,6684.798,TRUE,727
"75","MF","daycare","2","indoor",1352,1342,1394,13.14,-0.0112105239275093,1.87601090457574e-06,300.314,FALSE,52
"76","MF","daycare","2","indoor",2102,1804,2257,42.271,-0.0162762433833126,5.30358981071329e-06,24724.648,TRUE,453
"77","MF","daycare","2","indoor",2875,2427,2979,20.857,-0.0213505163835156,3.3574359584561e-06,4698.411,TRUE,552
"78","MF","daycare","2","indoor",2920,2626,3126,14.586,-0.00212328397527934,4.99251992936165e-06,5012.849,FALSE,500
"79","MF","daycare","2","indoor",3204,3067,3269,23.541,-0.0199825778061382,2.48312470340067e-06,2559.185,TRUE,202
"80","MF","daycare","2","indoor",3407,3361,3443,13.811,-0.00979224459951714,4.53205392547618e-06,450.757,FALSE,82
"81","MF","daycare","2","indoor",3629,3624,3669,13.355,-0.014615006849126,2.05836328701017e-06,268.652,TRUE,45
"82","MF","daycare","2","indoor",4753,4487,4861,39.513,-0.0196908948275768,1.30128944841168e-06,15061.393,TRUE,374
"83","MF","daycare","2","indoor",5364,5261,5643,25.018,0.00247881519493697,7.32505617774064e-06,8622.288,TRUE,382
"84","MF","daycare","2","indoor",5366,5028,5909,18.218,-0.000248042638761847,4.28918553813579e-06,5317.724,FALSE,881
"85","MF","daycare","2","indoor",7884,7427,8214,13.502,-0.00350970260505044,1.81138670907501e-06,21874.308,TRUE,787
"86","MF","daycare","2","indoor",8581,8214,9056,33.845,-0.00425263719135694,2.90967349604814e-06,17007.022,TRUE,842
"87","MF","daycare","2","indoor",8687,6378,9816,258.393,-0.00019744880312219,1.32527099692025e-06,136034.063,FALSE,3438
"88","MF","daycare","2","indoor",10303,9857,10533,26.605,-0.00364834793497238,1.91324708739996e-07,6026.554,TRUE,676
"89","MF","daycare","2","indoor",10647,10588,10708,15.628,-0.00943313598683542,4.99305438974088e-06,978.032,TRUE,120
"90","MF","daycare","2","indoor",11038,11016,11078,121.321,-0.0580724158712482,6.58839749447934e-06,2694.541,TRUE,62
"91","MF","daycare","2","indoor",11631,11442,13690,24.589,0.00149404731974765,4.08128267009573e-06,36487.673,TRUE,2248
"92","MF","daycare","2","indoor",11707,10630,12302,41.858,0.000139368368313967,7.97959514732838e-06,95613.768,FALSE,1672
"93","MF","daycare","2","indoor",13721,13714,13784,14.825,-0.0143516313087346,6.28505411180785e-06,454.593,TRUE,70
"94","MF","daycare","2","indoor",14172,14151,14285,13.661,-0.00850602140231229,1.51425071955977e-06,1407.385,TRUE,134
"95","MF","daycare","2","indoor",14252,14225,14343,39.115,-0.0188995585974762,2.11242436857436e-06,2413.42,FALSE,118
"96","MF","daycare","2","indoor",14757,14723,14821,15.154,-0.00486535155783104,1.82421731751082e-06,982.244,FALSE,98
"97","MF","daycare","2","indoor",15975,15261,16379,34.135,-0.00223594412167805,3.82710165457288e-06,11487.664,TRUE,1118
"98","MF","daycare","2","indoor",17067,17029,17104,22.289,-0.00495144289786555,6.52170353134745e-06,1162.666,TRUE,75
"99","MF","daycare","2","indoor",17827,17310,18891,15.216,-0.000219124682749058,1.99854779506651e-06,8926.358,TRUE,1581
"100","MF","daycare","2","indoor",18899,18891,19069,11.886,7.39089445250212e-06,2.52884570116625e-06,1232.406,TRUE,178
"101","MF","daycare","6","indoor",543,474,858,11.283,-0.00704628107963517,4.87135135807694e-06,4066.994,TRUE,384
"102","MF","daycare","6","indoor",1718,1684,1812,5.722,-0.0172926968832573,2.8432635308338e-06,467.473,TRUE,128
"103","MF","daycare","6","indoor",2020,1633,4433,27.84,-0.000414766846676701,5.79623343052367e-06,20852.061,FALSE,2800
"104","MF","daycare","6","indoor",4929,4220,6152,14.638,-0.000228046569582687,4.90067509240421e-06,15272.263,TRUE,1932
"105","MF","daycare","6","indoor",6102,4533,9782,94.637,-0.000741981361053226,9.0215038441335e-06,94427.381,FALSE,5249
"106","MF","daycare","6","indoor",8166,6904,11888,35.84,-8.09473518239858e-05,9.71344733482225e-06,41946.179,TRUE,4984
"107","MF","daycare","6","indoor",10345,10224,10613,20.646,-0.0118544790856265,1.44116043341719e-06,5046.007,FALSE,389
"108","MF","daycare","6","indoor",11937,11802,12937,17.021,-0.00183652358818285,6.69099214122741e-06,10209.439,FALSE,1135
"109","MF","daycare","6","indoor",13415,13040,14162,91.195,-0.00874144249995165,1.68715754561877e-06,15734.526,FALSE,1122
"110","MF","daycare","6","indoor",14435,11936,17880,38.24,0.0001329785757144,8.33084190919331e-06,59349.524,TRUE,5944
"111","MF","daycare","6","indoor",14550,14427,15157,6.859,-0.00156397605546077,1.75918415206084e-06,2344.798,FALSE,730
"112","MF","daycare","6","indoor",17559,15157,21270,15.216,-0.000108527582796236,8.66983812375505e-06,45708.493,FALSE,6113
"113","MF","daycare","6","indoor",625,470,1022,19.763,-0.00424300184712226,2.30435458886016e-06,6949.199,TRUE,552
"114","MF","daycare","6","indoor",1718,1684,1812,5.982,-0.0149439965593607,3.93028941264781e-06,502.399,TRUE,128
"115","MF","daycare","6","indoor",2025,1843,4375,34.87,-0.000485173243747737,6.15874187408268e-06,23437.98,FALSE,2532
"116","MF","daycare","6","indoor",5642,4220,6311,17.381,-0.00370518294360098,3.81757949390804e-06,17781.436,TRUE,2091
"117","MF","daycare","6","indoor",6102,4579,9754,97.43,-0.000590064137436504,7.99644646914243e-06,100034.936,FALSE,5175
"118","MF","daycare","6","indoor",8495,6900,15133,41.047,8.61631892835342e-05,9.31409118255547e-06,87515.614,TRUE,8233
"119","MF","daycare","6","indoor",10337,10224,10664,59.377,-0.0132738666565268,5.7383144018442e-06,12618.756,FALSE,440
"120","MF","daycare","6","indoor",11937,11712,12833,18.637,-0.00182962732802933,4.31842522854487e-06,11438.846,FALSE,1121
"121","MF","daycare","6","indoor",13415,13040,14162,123.203,-0.00907546019441218,2.47110358310423e-06,19561.026,FALSE,1122
"122","MF","daycare","6","indoor",17032,15157,17880,21.612,0.000759503749304083,3.28392563144379e-06,31822.119,TRUE,2723
"123","MF","daycare","6","indoor",17289,15795,17905,16.596,-0.00182659209475996,3.59350411403149e-06,20549.142,FALSE,2110
"124","MF","daycare","6","indoor",19339,17905,21056,16.911,-0.00123204844530128,1.23076908367062e-06,28312.709,FALSE,3151
"125","MF","daycare","6","indoor",2,0,60,16.13,-0.00641053814920752,2.36463925731693e-06,362.125,FALSE,60
"126","MF","daycare","6","indoor",527,472,1006,57.264,-0.000550632771180816,5.08321317424752e-06,26480.775,TRUE,534
"127","MF","daycare","6","indoor",1952,1931,2569,192.857,-0.0109900673685017,6.9263160455291e-06,19775.381,FALSE,638
"128","MF","daycare","6","indoor",3203,2605,4115,27.678,-0.0010902374818603,8.5748849805703e-06,14191.308,FALSE,1510
"129","MF","daycare","6","indoor",3412,3244,3430,11.783,-0.0643733158730289,6.0075978550902e-06,5018.877,TRUE,186
"130","MF","daycare","6","indoor",3665,3615,3690,14.64,-0.022492911785906,6.48002233972433e-06,405.86,TRUE,75
"131","MF","daycare","6","indoor",3886,3856,3916,11.96,-0.0111126276756478,2.88939609037892e-06,278.339,TRUE,60
"132","MF","daycare","6","indoor",5601,4219,6293,104.056,-0.00296439566304854,7.81027865192368e-06,26474.514,TRUE,2074
"133","MF","daycare","6","indoor",6102,4869,9556,97.995,-0.000262406690933402,8.43909355937751e-06,118631.269,FALSE,4687
"134","MF","daycare","6","indoor",6356,6293,6463,36.13,-0.0221490639301636,5.41285303752367e-07,1942.769,TRUE,170
"135","MF","daycare","6","indoor",6634,6592,6731,16.205,-0.00609055615561754,1.62759326469774e-06,1317.542,TRUE,139
"136","MF","daycare","6","indoor",8437,6900,9025,810.591,-0.0291634802510833,2.71689778022938e-06,83394.786,TRUE,2125
"137","MF","daycare","6","indoor",9194,9069,10141,25.375,-0.00041149546168497,3.49486415368162e-06,11712.784,TRUE,1072
"138","MF","daycare","6","indoor",10325,10228,10840,242.379,-0.0165669051121822,8.70103644924484e-06,54938.968,FALSE,612
"139","MF","daycare","6","indoor",11053,10858,11120,40.772,-0.0158233922755092,8.6136925478727e-07,4897.174,FALSE,262
"140","MF","daycare","6","indoor",11406,11405,11431,19.703,-0.0210414414853836,5.44187479116115e-07,284.239,FALSE,26
"141","MF","daycare","6","indoor",11615,10169,12238,42.775,-0.00153642420682051,1.42958300778757e-06,29547.403,TRUE,2069
"142","MF","daycare","6","indoor",11803,11708,12659,34.864,-0.00113084214301339,2.72156062920521e-06,14506.155,FALSE,951
"143","MF","daycare","6","indoor",13415,13108,14054,262.085,-0.00895882417438284,7.94131272586053e-06,36751.163,FALSE,946
"144","MF","daycare","6","indoor",14565,14262,14736,22.158,-0.00447651865986213,6.21075392368096e-07,4870.96,FALSE,474
"145","MF","daycare","6","indoor",14838,12274,15017,67.721,-0.00537822843194773,2.71808631183368e-06,46912.92,TRUE,2743
"146","MF","daycare","6","indoor",15058,15029,15061,11.348,-0.797524444693584,2.64001177155603e-06,149.232,TRUE,32
"147","MF","daycare","6","indoor",16639,15895,17905,41.86,-0.00053335064623009,2.40218945870137e-06,31908.6,FALSE,2010
"148","MF","daycare","6","indoor",17820,15165,17880,78.55,-0.0196735410543038,2.4232588264335e-07,48022.351,TRUE,2715
"149","MF","daycare","6","indoor",19214,18066,20568,53.144,-0.00160571609138999,4.88049942160587e-06,37616.033,FALSE,2502
"150","MF","daycare","5","indoor",18,0,65,5.155,-0.0349963559975957,9.74260482612656e-06,150.76,TRUE,65
"151","MF","daycare","5","indoor",457,240,1078,11.534,-0.00295254745279278,8.11829665392183e-06,3619.571,FALSE,838
"152","MF","daycare","5","indoor",743,537,1098,7.514,-0.0045244723376496,2.12697129887908e-06,1966.153,TRUE,561
"153","MF","daycare","5","indoor",1273,1249,2889,54.295,-0.000607471372872709,2.30966971118804e-06,9788.088,TRUE,1640
"154","MF","daycare","5","indoor",3264,1148,6747,17.023,-0.000356953639265618,4.18351292051687e-06,32561.802,FALSE,5599
"155","MF","daycare","5","indoor",5091,4446,5512,6.141,-0.00223031327549267,6.50782827351909e-06,3580.106,TRUE,1066
"156","MF","daycare","5","indoor",7979,7556,8273,4.947,-0.00342497560459683,1.95127111044873e-07,1998.302,TRUE,717
"157","MF","daycare","5","indoor",9166,8906,9234,4.869,0.000102394924709422,3.62871231421981e-07,984.827,TRUE,328
"158","MF","daycare","5","indoor",13623,7097,17787,35.869,-0.000386968626731546,1.4231971980768e-06,76348.384,FALSE,10690
"159","MF","daycare","5","indoor",20756,19882,20968,19.013,-0.00594687354615077,6.18775423659068e-06,5761.992,FALSE,1086
"160","MF","daycare","5","indoor",21724,21302,23732,46.2,-0.000833788448990454,4.64082960841679e-06,14454.082,FALSE,2430
"161","MF","daycare","5","indoor",24613,24004,25030,7.42,-0.00217463933873202,2.2212415131246e-06,4153.548,FALSE,1026
"162","MF","daycare","5","indoor",27578,27137,27736,8.891,-0.00844742411958984,3.40593694720501e-06,3023.814,FALSE,599
"163","MF","daycare","5","indoor",28004,27999,28224,78.43,-0.0164248029170627,9.00495245710798e-06,2531.398,FALSE,225
"164","MF","daycare","5","indoor",30830,30796,30950,19.416,-0.0253274535001068,1.29601168257436e-06,1078.588,FALSE,154
"165","MF","daycare","5","indoor",18,0,77,6.074,-0.0244506632727049,3.51568678432695e-06,216.776,TRUE,77
"166","MF","daycare","5","indoor",457,260,924,11.616,-0.00347672222669784,6.76800300652345e-06,3295.749,FALSE,664
"167","MF","daycare","5","indoor",743,542,1057,7.735,-0.00430980174000336,4.81438348092352e-06,1964.786,TRUE,515
"168","MF","daycare","5","indoor",1113,1085,1129,8.726,-0.0704047070129631,5.55723705867453e-06,138.258,FALSE,44
"169","MF","daycare","5","indoor",1273,1249,2889,55.316,-0.00035336616646982,9.76181423068927e-07,12073.257,TRUE,1640
"170","MF","daycare","5","indoor",4983,1396,5734,33.806,-0.00522733022364461,5.72292561311711e-06,30201.635,FALSE,4338
"171","MF","daycare","5","indoor",5091,4452,5476,6.263,-0.00194264378084744,9.2094982618329e-06,3612.835,TRUE,1024
"172","MF","daycare","5","indoor",6062,5734,6707,7.876,-0.00109933693780719,2.63713426504273e-07,4184.705,FALSE,973
"173","MF","daycare","5","indoor",6814,6798,6874,7.592,-0.0201834994500248,5.72250860012819e-06,296.923,FALSE,76
"174","MF","daycare","5","indoor",11948,7187,17698,60.527,-0.000173314454246372,7.54450036169586e-06,84152.444,FALSE,10511
"175","MF","daycare","5","indoor",20443,19944,21004,21.389,-0.00148766609649676,4.39537883402911e-06,6582.222,FALSE,1060
"176","MF","daycare","5","indoor",21724,21395,22567,53.914,-0.00395390558083826,8.98087912318839e-06,8903.202,FALSE,1172
"177","MF","daycare","5","indoor",23150,22567,23722,11.381,-0.00249754178270911,1.24559965180502e-06,6301.593,FALSE,1155
"178","MF","daycare","5","indoor",24610,24199,24970,8.231,-0.00223789100854596,9.6963281623959e-06,3644.6,FALSE,771
"179","MF","daycare","5","indoor",27558,27149,27736,24.579,-0.0134884019394595,5.51462388627889e-06,3882.369,FALSE,587
"180","MF","daycare","5","indoor",28004,27999,28215,133.593,-0.0181964476084503,3.47664609047265e-06,3928.582,FALSE,216
"181","MF","daycare","5","indoor",30830,30796,30952,20.005,-0.0209084281429258,4.8774362138281e-06,1207.556,FALSE,156
"182","MF","daycare","5","indoor",17,0,123,15.254,-0.00764407704504998,1.55344580908466e-06,897.463,TRUE,123
"183","MF","daycare","5","indoor",283,273,328,42.853,-0.0445867854349869,2.36245366334396e-06,689.112,TRUE,55
"184","MF","daycare","5","indoor",524,271,633,13.123,-0.00554178064704216,5.4886720312319e-06,2449.293,FALSE,362
"185","MF","daycare","5","indoor",887,651,976,13.616,-0.0103250312601577,1.07235131001337e-06,1751.588,TRUE,325
"186","MF","daycare","5","indoor",971,969,981,24.856,-0.285511474338108,2.6947418959377e-06,101.242,FALSE,12
"187","MF","daycare","5","indoor",1189,1149,1223,20.567,-0.0285887842804799,1.07384448781512e-06,741.637,FALSE,74
"188","MF","daycare","5","indoor",1274,1257,2587,55.415,-0.000304839143283845,8.25639151071375e-06,13132.327,TRUE,1330
"189","MF","daycare","5","indoor",1440,1402,2443,18.285,-0.000365011615741517,5.39296521046006e-06,6856.811,FALSE,1041
"190","MF","daycare","5","indoor",2741,2653,2870,60.971,-0.0174960157589733,8.86971248648121e-06,2455.525,TRUE,217
"191","MF","daycare","5","indoor",2786,2505,4786,35.758,-0.0004742190278886,1.12435937385689e-06,20406.555,FALSE,2281
"192","MF","daycare","5","indoor",4328,4312,4385,18.358,-0.0202323785862081,5.7381676565602e-06,414.252,TRUE,73
"193","MF","daycare","5","indoor",4983,4791,5348,37.303,-0.00857192958246788,5.27914782384538e-06,5128.312,FALSE,557
"194","MF","daycare","5","indoor",5440,5424,5484,20.216,-0.0113989688124517,6.104601293412e-07,418.662,FALSE,60
"195","MF","daycare","5","indoor",5648,5647,5650,17.325,-3.00525566780603,4.33933406505998e-06,19.793,TRUE,3
"196","MF","daycare","5","indoor",6255,6246,6257,15.938,-1.65799439674824,9.34772156468998e-06,43.257,TRUE,11
"197","MF","daycare","5","indoor",6471,6276,6633,23.827,-0.0106479638576775,5.4002559926661e-06,1620.909,TRUE,357
"198","MF","daycare","5","indoor",6814,6802,6867,17.616,-0.0374152426965733,4.83504842477263e-06,586.505,FALSE,65
"199","MF","daycare","5","indoor",6955,6935,6958,19.087,-1.79603088751513,9.6522330170165e-06,145,TRUE,23
"200","MF","daycare","5","indoor",7221,7220,7223,16.29,-2.88113763201798,1.68253921234389e-06,18.243,TRUE,3
"201","MF","daycare","5","indoor",7805,7220,7982,13.381,-0.00327269299498592,7.44105696116996e-06,4437.05,FALSE,762
"202","MF","daycare","5","indoor",7875,7775,8167,12.476,-0.00238618414997862,4.20806714424769e-06,1509.998,TRUE,392
"203","MF","daycare","5","indoor",8152,8045,8365,21.353,-0.00620975858574018,3.56987025246864e-07,3351.384,FALSE,320
"204","MF","daycare","5","indoor",8235,8234,8240,16.1,-1.57694065691365,6.98294296960959e-06,27.095,TRUE,6
"205","MF","daycare","5","indoor",8484,8472,8494,23.514,-0.761326388408612,6.9088176867707e-06,141.787,TRUE,22
"206","MF","daycare","5","indoor",8550,8481,8614,39.138,-0.0419474349626667,6.15929631164647e-06,1392.017,FALSE,133
"207","MF","daycare","5","indoor",8738,8737,8740,17.519,-2.38762694241554,1.67432349051016e-06,21.032,TRUE,3
"208","MF","daycare","5","indoor",10420,8770,11357,35.735,-0.000819307585052005,3.15737760050937e-06,25477.198,FALSE,2587
"209","MF","daycare","5","indoor",11948,11480,16469,82.743,-0.000187671766249346,3.24331257920013e-06,54305.008,FALSE,4989
"210","MF","daycare","5","indoor",17480,16614,17650,14.673,-0.00380622301237214,7.65060112357771e-07,6170.266,FALSE,1036
"211","MF","daycare","5","indoor",18085,18054,18160,23.17,-0.00931572002083343,2.0274016570966e-06,996.738,FALSE,106
"212","MF","daycare","5","indoor",18306,18291,18419,67.534,-0.0320260179685416,6.04168462316074e-06,2017.525,FALSE,128
"213","MF","daycare","5","indoor",19547,19473,19605,18.995,-0.0176872405362777,4.59731222542822e-07,1092.303,FALSE,132
"214","MF","daycare","5","indoor",20438,20173,20635,30.597,-0.0121617894389103,6.45104499993375e-06,3957.313,FALSE,462
"215","MF","daycare","5","indoor",20872,20738,20958,44.902,-0.004404300771947,4.58341706536453e-06,2617.987,FALSE,220
"216","MF","daycare","5","indoor",21130,21122,21147,22.044,-0.0697741811727978,4.61504429193295e-06,272.51,FALSE,25
"217","MF","daycare","5","indoor",21724,21605,22478,57.433,-0.00193208104607722,7.53002851365414e-06,9693.396,FALSE,873
"218","MF","daycare","5","indoor",22614,22589,22747,46.276,-0.0273338007675182,8.46065359021618e-06,1571.955,FALSE,158
"219","MF","daycare","5","indoor",23292,22789,23475,16.732,-0.00514037644043784,5.99548389977159e-07,4807.429,FALSE,686
"220","MF","daycare","5","indoor",23684,23639,23710,15.976,-0.00460777544509144,9.74588037239419e-07,473.319,FALSE,71
"221","MF","daycare","5","indoor",27558,27159,27697,29.255,-0.0150520673519199,2.79383697964826e-07,4119.184,FALSE,538
"222","MF","daycare","5","indoor",28004,27998,28154,236.566,-0.0204235176808364,2.68018891848239e-06,5477.235,FALSE,156
"223","MF","daycare","5","indoor",28342,28326,28372,18.697,-0.0160164827574752,3.43914969065426e-07,512.498,FALSE,46
"224","MF","daycare","5","indoor",29008,28753,29084,17.497,-0.0175943375823968,3.98778845793366e-06,1582.95,FALSE,331
"225","MF","daycare","5","indoor",29590,29552,29601,27.476,-0.227328692311893,8.71407813105156e-06,623.162,FALSE,49
"226","MF","daycare","5","indoor",30322,30301,30397,14.749,-0.0172420303810123,9.20655330856434e-06,623.733,FALSE,96
"227","MF","daycare","5","indoor",30890,30798,30952,34.548,-0.00672042830638745,5.49541906508904e-06,1903.741,FALSE,154
"228","MF","daycare","7","indoor",306,0,862,9.891,-0.00332530432435106,2.6086663125588e-06,3948.292,TRUE,862
"229","MF","daycare","7","indoor",999,930,1197,37.435,-0.0144968116254,2.69393510759895e-06,3013.94,TRUE,267
"230","MF","daycare","7","indoor",1756,1206,2309,38.63,-0.0060991762701031,1.01944916062836e-06,11234.772,TRUE,1103
"231","MF","daycare","7","indoor",1896,0,2813,122.961,-0.00269935323537107,6.0240931599269e-06,37616.391,FALSE,2813
"232","MF","daycare","7","indoor",3088,2812,3470,11.891,-0.00633779001341372,3.60947361449783e-07,2369.465,TRUE,658
"233","MF","daycare","7","indoor",3779,3765,3903,25.437,-0.0375615965025745,7.37595026963257e-06,839.508,FALSE,138
"234","MF","daycare","7","indoor",3861,3835,4102,137.603,-0.0182175177897194,2.56945942894695e-06,8440.173,TRUE,267
"235","MF","daycare","7","indoor",3994,3910,4131,7.267,-0.0101948177161842,1.94355250926703e-06,863.745,FALSE,221
"236","MF","daycare","7","indoor",4267,4131,4505,13.41,-0.00770849993943009,9.54394113244016e-06,2403.669,FALSE,374
"237","MF","daycare","7","indoor",4764,4529,4937,27.079,-0.0165719757020596,8.25410948519668e-07,3535.079,FALSE,408
"238","MF","daycare","7","indoor",5330,5150,5504,34.401,-0.0205476151055116,2.20531828877197e-06,3116.194,TRUE,354
"239","MF","daycare","7","indoor",6010,5983,6119,25.607,-0.0184272654108645,8.76024828633187e-06,1237.366,FALSE,136
"240","MF","daycare","7","indoor",6082,6039,6257,51.676,-0.0345734800673292,4.86794409720524e-06,2808.695,TRUE,218
"241","MF","daycare","7","indoor",6581,6575,7099,173.287,-0.105792479437082,2.97911625729888e-06,4352.877,FALSE,524
"242","MF","daycare","7","indoor",6773,6566,6976,65.639,-0.0208623191339595,2.57104032062469e-06,5912.341,TRUE,410
"243","MF","daycare","7","indoor",7489,7384,7718,6.342,-0.00618630185606899,2.57818547327794e-06,788.394,TRUE,334
"244","MF","daycare","7","indoor",7676,7635,7798,19.175,-0.0223781644866192,3.62288916839722e-07,1012.433,FALSE,163
"245","MF","daycare","7","indoor",7891,7813,8723,41.381,-0.000572442018656818,1.28551687633673e-06,10218.482,FALSE,910
"246","MF","daycare","7","indoor",8242,8019,9300,43.31,-0.000948281338099273,1.67459439515844e-06,9080.273,TRUE,1281
"247","MF","daycare","7","indoor",9636,9402,10027,81.116,-0.0212779498338328,5.26177619901298e-07,7252.073,TRUE,625
"248","MF","daycare","7","indoor",9701,8979,10285,249.113,-0.00671177205252588,4.24235390048182e-06,93435.251,FALSE,1306
"249","MF","daycare","7","indoor",10386,10301,10880,384.962,-0.0106232003481078,1.8321960512987e-06,37692.99,FALSE,579
"250","MF","daycare","7","indoor",42,0,860,12.922,-0.00133689999975969,3.26835906786147e-06,4489.389,TRUE,860
"251","MF","daycare","7","indoor",999,925,1183,43.658,-0.0149310120389813,5.88248556399983e-06,3364.954,TRUE,258
"252","MF","daycare","7","indoor",1756,1206,2305,39.777,-0.00614102528968925,2.35789994474117e-06,12092.403,TRUE,1099
"253","MF","daycare","7","indoor",1896,0,2797,137.239,-0.00250664680912162,5.3307455594785e-06,41168.545,FALSE,2797
"254","MF","daycare","7","indoor",2916,2812,3440,47.673,-0.003582885995474,3.80850101728846e-07,4775.186,TRUE,628
"255","MF","daycare","7","indoor",3779,3768,3867,26.406,-0.0394652231905853,9.67149057088212e-06,793.482,FALSE,99
"256","MF","daycare","7","indoor",3861,3717,4112,139.66,-0.0177824613495388,9.10235690362473e-07,9188.826,TRUE,395
"257","MF","daycare","7","indoor",3980,3919,4131,11.773,-0.0117217679975964,3.93689832145574e-06,1234.558,FALSE,212
"258","MF","daycare","7","indoor",4227,4224,4229,7.495,-1.32947407723856,3.16188538361776e-06,13.793,TRUE,5
"259","MF","daycare","7","indoor",4267,4146,4500,14.372,-0.00776348546068169,9.18542016371272e-06,2560.296,FALSE,354
"260","MF","daycare","7","indoor",4764,4532,4939,28.421,-0.0153883158013723,1.14473264591942e-06,3934.759,FALSE,407
"261","MF","daycare","7","indoor",5330,5145,5536,35.913,-0.0190847469521623,2.67295881650065e-06,3833.686,TRUE,391
"262","MF","daycare","7","indoor",5337,5254,5495,17.029,-0.014353841621218,3.38100882095802e-06,1323.434,FALSE,241
"263","MF","daycare","7","indoor",6010,5983,6316,26.958,-0.00373599529699774,6.76803631826848e-07,3054.076,FALSE,333
"264","MF","daycare","7","indoor",6082,6042,6257,58.54,-0.0286275713347947,5.85537739696832e-06,3640.97,TRUE,215
"265","MF","daycare","7","indoor",6581,6569,7063,182.294,-0.100438791049477,4.39800460480077e-06,4634.717,FALSE,494
"266","MF","daycare","7","indoor",6778,6565,6975,77.096,-0.0210355476495922,2.24690007851636e-06,7520.058,TRUE,410
"267","MF","daycare","7","indoor",7438,7384,7703,9.07,-0.00704643668210788,2.12004580585557e-06,1315.291,TRUE,319
"268","MF","daycare","7","indoor",7892,7634,8717,47.227,-0.000858037253576403,3.04655390463891e-06,12846.325,FALSE,1083
"269","MF","daycare","7","indoor",8242,7977,9318,50.082,-0.000619579248065459,2.23057361613856e-06,13567.111,TRUE,1341
"270","MF","daycare","7","indoor",9650,9361,10027,95.501,-0.0242334062891355,9.21938115005795e-06,8731.71,TRUE,666
"271","MF","daycare","7","indoor",9701,8842,10261,250.212,-0.00665054003200506,3.71810943782913e-06,97329.623,FALSE,1419
"272","MF","daycare","7","indoor",10386,10301,10880,459.043,-0.011074411619977,1.95671697987169e-06,41540.687,FALSE,579
"273","MF","daycare","7","indoor",47,0,705,37.958,-0.00213079782773784,9.79926109500605e-06,5862.623,TRUE,705
"274","MF","daycare","7","indoor",999,925,1142,45.829,-0.0131589281861637,8.08261425963599e-06,3960.265,TRUE,217
"275","MF","daycare","7","indoor",1768,1208,2193,48.669,-0.00666329432605361,3.29247144430491e-06,13965.736,TRUE,985
"276","MF","daycare","7","indoor",1896,0,2752,195.719,-0.00270098622031288,6.57843716021724e-06,53250.557,FALSE,2752
"277","MF","daycare","7","indoor",2341,2334,2350,13.568,-0.141418746023818,5.93169125622564e-06,95.685,TRUE,16
"278","MF","daycare","7","indoor",2585,2577,2649,139.148,-0.0806943080106002,7.17421473512839e-06,2297.341,TRUE,72
"279","MF","daycare","7","indoor",2916,2701,3353,657.5,-0.0562744351891658,9.52562042266067e-06,20921.897,TRUE,652
"280","MF","daycare","7","indoor",3448,3421,3528,13.068,-0.00702275257953372,3.3560879267745e-06,642.172,FALSE,107
"281","MF","daycare","7","indoor",3748,3655,3768,19.738,-0.0399396086053312,1.09958375880506e-06,916.966,FALSE,113
"282","MF","daycare","7","indoor",3861,3718,4129,148.175,-0.0148896386269321,8.86121285488994e-06,12111.501,TRUE,411
"283","MF","daycare","7","indoor",3972,3943,4109,45.88,-0.0201226958096169,1.76015635435318e-06,2270.683,FALSE,166
"284","MF","daycare","7","indoor",4267,4178,4445,14.4,-0.00749642098196035,3.26918282337851e-06,2339.601,FALSE,267
"285","MF","daycare","7","indoor",4297,4279,4344,12.342,-0.0181905522458008,3.96038787229645e-06,363.508,TRUE,65
"286","MF","daycare","7","indoor",4499,4426,4597,233.69,-0.0696880128898065,8.99374754213399e-06,4670.883,TRUE,171
"287","MF","daycare","7","indoor",4870,4536,4943,58.843,-0.0336941947958208,6.90559053815304e-06,6465.286,FALSE,407
"288","MF","daycare","7","indoor",5130,5117,5144,13.006,-0.066952749189283,4.60483793970169e-06,169.859,FALSE,27
"289","MF","daycare","7","indoor",5332,5224,5470,171.097,-0.0518516004627316,6.94103344716959e-06,4891.31,FALSE,246
"290","MF","daycare","7","indoor",5353,5141,5557,81.802,-0.0224060805504168,8.0503759623718e-06,8278.849,TRUE,416
"291","MF","daycare","7","indoor",6057,6035,6248,68.578,-0.0161882294164027,2.86126862386944e-06,4954.615,TRUE,213
"292","MF","daycare","7","indoor",6159,5985,6300,57.615,-0.0200519898277922,4.81116691926927e-06,5051.294,FALSE,315
"293","MF","daycare","7","indoor",6581,6540,6951,203.732,-0.0879155614781971,3.81995403662158e-06,5524.192,FALSE,411
"294","MF","daycare","7","indoor",6616,6565,6975,126.229,-0.003197773919533,8.39443173323497e-06,12571.703,TRUE,410
"295","MF","daycare","7","indoor",7121,7112,7125,23.482,-0.645820634072185,4.18388246290464e-06,79.876,TRUE,13
"296","MF","daycare","7","indoor",7415,7239,7614,40.089,-0.0144949139674157,9.80460849238124e-06,3446.84,TRUE,375
"297","MF","daycare","7","indoor",7690,7632,7864,28.01,-0.00451070411542653,7.75039107962374e-06,3172.158,FALSE,232
"298","MF","daycare","7","indoor",7904,7864,8225,58.387,-0.00562697339011145,3.98481967412242e-06,7025.377,FALSE,361
"299","MF","daycare","7","indoor",8364,8237,8683,29.925,-0.00544869374942827,2.44311009033711e-06,6767.318,FALSE,446
"300","MF","daycare","7","indoor",8639,8023,9251,89.342,-0.00383412014072477,3.52152717461096e-06,18567.826,TRUE,1228
"301","MF","daycare","7","indoor",9650,9445,10027,105.357,-0.0164547859029948,5.45488707030278e-06,11107.755,TRUE,582
"302","MF","daycare","7","indoor",9706,8843,10213,304.263,-0.00681226301286539,8.49780352346054e-06,102256.158,FALSE,1370
"303","MF","daycare","7","indoor",10386,10295,10880,459.113,-0.0103362196859851,8.68246038719738e-06,44805.502,FALSE,585
"304","MF","daycare","8","indoor",546,542,619,11.352,-0.016379403482625,2.93426673384879e-06,211.306,FALSE,77
"305","MF","daycare","8","indoor",1274,1111,1362,14.869,-0.0280470003313834,1.57473279776757e-06,1456.686,FALSE,251
"306","MF","daycare","8","indoor",1470,1456,1516,7.588,-0.0475887777812949,3.52241952519251e-06,203.105,TRUE,60
"307","MF","daycare","8","indoor",1876,1869,2016,47.597,-0.0324358121681018,4.23571539263468e-06,1306.077,TRUE,147
"308","MF","daycare","8","indoor",1883,1826,2198,27.334,-0.0106382194353035,7.08919629553723e-06,2010.873,FALSE,372
"309","MF","daycare","8","indoor",2581,2571,2804,329.695,-0.0365674493570444,1.09913413774287e-07,13279.339,FALSE,233
"310","MF","daycare","8","indoor",4608,4563,4702,9.549,-0.0164142011014601,2.70087506751838e-06,670.149,FALSE,139
"311","MF","daycare","8","indoor",5408,5403,5425,9.316,-0.0983774993474521,5.38541554256985e-07,93.282,FALSE,22
"312","MF","daycare","8","indoor",6976,6967,7055,16.433,-0.0352046654951635,4.09320699387476e-06,459.814,TRUE,88
"313","MF","daycare","8","indoor",7602,7579,7901,92.295,-0.0136204199565724,6.30450040284836e-06,4088.245,FALSE,322
"314","MF","daycare","8","indoor",546,532,639,17.318,-0.0159157331663735,1.87854214149966e-06,439.741,FALSE,107
"315","MF","daycare","8","indoor",941,937,955,14.496,-0.205224119139733,4.56475856638071e-06,74.249,FALSE,18
"316","MF","daycare","8","indoor",1274,1111,1365,16.524,-0.0245919540703612,5.07469697406072e-06,1646.287,FALSE,254
"317","MF","daycare","8","indoor",1462,1430,1515,13.741,-0.0525139066489345,4.64674548551453e-06,371.339,TRUE,85
"318","MF","daycare","8","indoor",1876,1675,2016,49.345,-0.0314214806493821,3.22840124983038e-06,2715.036,TRUE,341
"319","MF","daycare","8","indoor",1883,1799,2167,34.278,-0.0112074814509302,4.99861552733564e-06,3246.766,FALSE,368
"320","MF","daycare","8","indoor",2145,2123,2176,7.644,-0.040403762275073,5.86040943714071e-06,130.127,TRUE,53
"321","MF","daycare","8","indoor",2577,2568,2802,622.283,-0.0416256472255012,7.10720021530949e-06,19135.09,FALSE,234
"322","MF","daycare","8","indoor",4065,4037,4137,7.928,-0.0189656421695833,2.28072183192296e-06,373.701,FALSE,100
"323","MF","daycare","8","indoor",4370,4365,4400,8.939,-0.0721481001192551,2.45624919478987e-06,133.04,TRUE,35
"324","MF","daycare","8","indoor",4608,4567,4702,9.956,-0.0152860276862427,9.65480948284967e-06,725.643,FALSE,135
"325","MF","daycare","8","indoor",5407,5403,5470,21.031,-0.0546170448536373,5.03968328359756e-06,350.481,FALSE,67
"326","MF","daycare","8","indoor",7064,7055,7199,65.699,-0.0459779406887528,2.4028030382444e-06,1708.934,TRUE,144
"327","MF","daycare","8","indoor",7601,7512,7890,126.977,-0.015129541286913,3.09544476838115e-06,5990.981,FALSE,378
"328","MF","daycare","8","indoor",8249,8247,8269,23.754,-0.286007277827446,9.20226558282744e-06,121.357,FALSE,22
"329","MF","daycare","8","indoor",546,524,620,34.273,-0.0197120787312038,3.87078063264261e-07,1001.798,FALSE,96
"330","MF","daycare","8","indoor",749,393,814,44.318,-0.0331469908740583,1.33321349632762e-07,6130.62,TRUE,421
"331","MF","daycare","8","indoor",941,938,1029,50.762,-0.0144462062658909,2.23107471191758e-06,1099.485,FALSE,91
"332","MF","daycare","8","indoor",1285,1118,1346,28.069,-0.0211620520336472,6.26297112101823e-06,2778.355,FALSE,228
"333","MF","daycare","8","indoor",1435,1429,1516,35.283,-0.024645715951293,7.15964732640836e-06,1096.859,TRUE,87
"334","MF","daycare","8","indoor",1804,1798,2118,133.479,-0.00859191710952153,3.96434073559062e-06,6467.411,FALSE,320
"335","MF","daycare","8","indoor",1876,1584,1984,60.673,-0.0309029212887068,4.3710603085202e-06,4456.609,TRUE,400
"336","MF","daycare","8","indoor",2145,2095,2218,46.262,-0.0219898703529519,8.32506779897591e-07,1490.099,TRUE,123
"337","MF","daycare","8","indoor",2308,2297,2313,14.582,-0.266194373299163,4.92627004519619e-06,126.189,FALSE,16
"338","MF","daycare","8","indoor",2577,2522,2808,638.038,-0.0409170851264718,7.46539713856349e-07,21318.16,FALSE,286
"339","MF","daycare","8","indoor",2850,2845,2856,13.478,-0.241556655821578,3.12329063681391e-06,61.704,TRUE,11
"340","MF","daycare","8","indoor",3049,3042,3120,27.038,-0.0140464850202821,6.30806808724278e-06,750.788,FALSE,78
"341","MF","daycare","8","indoor",3297,3276,3316,22.175,-0.0624592852435641,3.62122171221291e-06,383.671,FALSE,40
"342","MF","daycare","8","indoor",3308,3304,3339,30.144,-0.073559288030083,6.71133556803512e-06,244.6,TRUE,35
"343","MF","daycare","8","indoor",3530,3509,3539,11.371,-0.156275700515471,6.22380387033617e-06,148.413,TRUE,30
"344","MF","daycare","8","indoor",3964,3943,4137,28.496,-0.0026445586350246,7.88517123307958e-08,1801.536,FALSE,194
"345","MF","daycare","8","indoor",4215,4137,4267,18.104,-0.0145563266669884,4.03448923401374e-07,1051.341,FALSE,130
"346","MF","daycare","8","indoor",4371,4363,4408,38.631,-0.0803506912327502,7.86569211307345e-06,608.86,TRUE,45
"347","MF","daycare","8","indoor",4425,4422,4439,14.438,-0.0678454376606491,6.67291717778661e-06,116.026,FALSE,17
"348","MF","daycare","8","indoor",4827,4795,4843,13.444,-0.0500530488888537,5.39156073679612e-06,461.435,FALSE,48
"349","MF","daycare","8","indoor",4973,4950,4996,28.551,-0.0679340837247228,1.58447310533324e-06,489.808,TRUE,46
"350","MF","daycare","8","indoor",5407,5380,5505,29.538,-0.0111178681621916,5.44304218441614e-06,1107.786,FALSE,125
"351","MF","daycare","8","indoor",5448,5441,5490,21.224,-0.0462339004537607,3.36591326039366e-06,441.582,TRUE,49
"352","MF","daycare","8","indoor",5677,5672,5700,20.186,-0.0506213371016089,6.72804085247853e-06,228.261,FALSE,28
"353","MF","daycare","8","indoor",5684,5669,5701,13.45,-0.0728632530520961,1.75509574147315e-07,200.528,TRUE,32
"354","MF","daycare","8","indoor",6208,6199,6253,20.534,-0.0209205985667811,1.81711266750445e-06,529.418,FALSE,54
"355","MF","daycare","8","indoor",6742,6738,6751,20.048,-0.116623446319983,8.84979983827297e-06,114.426,FALSE,13
"356","MF","daycare","8","indoor",7062,7055,7212,320.079,-0.0709610660922947,7.14576832395036e-06,5648.457,TRUE,157
"357","MF","daycare","8","indoor",7514,7512,7867,265.999,-0.00788726399196796,2.36159045979532e-06,10060.902,FALSE,355
"358","MF","daycare","8","indoor",7901,7411,7977,19.88,-0.024524351808344,3.71144470121052e-06,3941.098,TRUE,566
"359","MF","daycare","8","indoor",8249,8247,8364,87.927,-0.00910315294952634,6.75212984504174e-06,1579.59,FALSE,117
"360","MF","daycare","8","indoor",8436,8388,8475,15.821,-0.039018289589132,1.16412387945998e-06,502.231,TRUE,87
"361","MF","daycare","10","indoor",593,560,686,5.165,-0.0167595139400473,2.13285485719701e-07,429.134,TRUE,126
"362","MF","daycare","10","indoor",9504,9115,10521,157.438,-0.00579707729798384,1.50788998163005e-06,33412.347,FALSE,1406
"363","MF","daycare","10","indoor",11766,11711,11816,7.045,-0.0239585940768447,4.56237205597915e-07,860.039,TRUE,105
"364","MF","daycare","10","indoor",12001,11662,13311,330.013,-0.00398694973382274,4.6873076667116e-06,102748.093,FALSE,1649
"365","MF","daycare","10","indoor",14220,14170,14399,30.962,-0.0186419820177323,9.82188000224629e-06,2377.894,TRUE,229
"366","MF","daycare","10","indoor",14983,14500,16277,45.95,-0.00264768872849989,4.08468474165286e-06,21093.772,FALSE,1777
"367","MF","daycare","10","indoor",17265,17207,17383,19.36,-0.0263784264539263,8.28535641944583e-06,2124.628,TRUE,176
"368","MF","daycare","10","indoor",18088,17240,19136,31.201,-0.0028805192555604,1.52415275224036e-06,22797.75,FALSE,1896
"369","MF","daycare","10","indoor",25912,25896,27788,11.782,6.75527777730293e-05,1.44927585218771e-06,6590.419,FALSE,1892
"370","MF","daycare","10","indoor",28391,28358,28919,17.301,-0.00392356736569065,2.50355898297206e-06,3425.006,FALSE,561
"371","MF","daycare","10","indoor",29483,29433,29839,10.772,-0.00383939918786436,3.01077355890734e-06,1866.999,FALSE,406
"372","MF","daycare","10","indoor",31245,31206,31535,15.011,-0.00719402745772553,8.10696907401582e-06,1617.456,FALSE,329
"373","MF","daycare","10","indoor",31613,31547,31755,7.88,-0.00941854308732186,3.94620276492465e-07,852.455,FALSE,208
"374","MF","daycare","10","indoor",34679,34650,35232,23.108,-0.00425394900901474,2.92812421115663e-06,3636.697,FALSE,582
"375","MF","daycare","10","indoor",38094,37825,39221,12.547,-0.00148508964365606,1.49851121074644e-06,6361.613,FALSE,1396
"376","MF","daycare","10","indoor",45528,45496,46122,21.035,-0.00316670778285962,2.11315565289188e-06,5547.707,FALSE,626
"377","MF","daycare","10","indoor",46817,46812,46821,6.576,-0.555939761997867,6.70014375420636e-06,44.447,FALSE,9
"378","MF","daycare","10","indoor",49366,49357,49792,6.773,-0.00118345434968115,7.01144054021478e-06,1529.229,FALSE,435
"379","MF","daycare","10","indoor",51126,51087,51757,23.003,-0.00351415862178295,4.61338873729969e-06,4417.079,FALSE,670
"380","MF","daycare","10","indoor",52562,52118,52748,6.941,-0.00400534944390978,3.24501293688712e-06,3540.409,FALSE,630
"381","MF","daycare","10","indoor",54024,53936,54809,25.804,-0.00167915299190618,7.81441324987614e-06,9317.923,FALSE,873
"382","MF","daycare","10","indoor",54918,54819,56107,18.305,-0.000858891891813686,6.38795008016368e-06,9097.287,FALSE,1288
"383","MF","daycare","10","indoor",6667,6552,7040,8.476,-0.00355535464261808,2.19551182714124e-06,1843.766,FALSE,488
"384","MF","daycare","10","indoor",9504,9115,10473,173.586,-0.0058367278123049,6.29080209589015e-06,36448.077,FALSE,1358
"385","MF","daycare","10","indoor",11766,11705,11859,11.142,-0.0195173168060476,7.83666296999302e-07,1592.354,TRUE,154
"386","MF","daycare","10","indoor",11953,11662,13271,430.477,-0.003978684109901,8.38384366886706e-06,111434.559,FALSE,1609
"387","MF","daycare","10","indoor",14228,14170,14405,31.53,-0.0186346981110363,1.9294074210477e-06,2871.957,TRUE,235
"388","MF","daycare","10","indoor",14983,14500,16203,47.433,-0.00261387751009155,3.00016206497012e-06,22174.355,FALSE,1703
"389","MF","daycare","10","indoor",17265,17199,17401,22.211,-0.0242412290039404,4.93441057841453e-06,2606.152,TRUE,202
"390","MF","daycare","10","indoor",18088,17240,19136,33.034,-0.00278868143191773,1.15954126473619e-06,25358.669,FALSE,1896
"391","MF","daycare","10","indoor",25912,25902,27750,12.976,3.34331735800315e-05,4.39932405573186e-06,7326.151,FALSE,1848
"392","MF","daycare","10","indoor",28391,28360,28883,18.309,-0.00367047167397053,3.65342364406993e-06,3635.609,FALSE,523
"393","MF","daycare","10","indoor",29483,29433,29802,11.483,-0.00370255574994677,1.56748691632717e-06,1942.87,FALSE,369
"394","MF","daycare","10","indoor",31245,31206,31783,15.756,-0.00211393880045116,3.93881719797448e-06,2978.791,FALSE,577
"395","MF","daycare","10","indoor",34679,34650,35154,24.433,-0.00420850006303672,3.87539355879756e-06,3785.051,FALSE,504
"396","MF","daycare","10","indoor",37439,37282,37769,7.484,-0.00228971687700874,1.56321494079966e-06,2261.119,FALSE,487
"397","MF","daycare","10","indoor",38094,37769,39089,13.395,-0.00148725271136833,2.22200240381837e-06,6877.73,FALSE,1320
"398","MF","daycare","10","indoor",45528,45496,46157,21.615,-0.00308538280282339,7.84216958123182e-06,5988.968,FALSE,661
"399","MF","daycare","10","indoor",49366,49271,49792,7.999,-0.00135184832359323,7.66272678823664e-06,2092.609,FALSE,521
"400","MF","daycare","10","indoor",51126,51087,51739,23.983,-0.00324683312092588,5.21359037912327e-06,4831.934,FALSE,652
"401","MF","daycare","10","indoor",54017,53936,56247,28.3,-0.00055858204314709,2.83433836655074e-06,21253.217,FALSE,2311
"402","MF","daycare","10","indoor",3,0,109,30.287,-0.00222353704727517,4.08925672423782e-06,1070.034,FALSE,109
"403","MF","daycare","10","indoor",176,138,214,36.616,-0.0280497308738216,5.42540754836775e-07,1164.258,TRUE,76
"404","MF","daycare","10","indoor",515,512,522,36.592,-0.262611004159449,2.22114921259128e-06,138.503,TRUE,10
"405","MF","daycare","10","indoor",797,794,801,24.3,-0.702664375734276,2.46674848578285e-06,54.343,TRUE,7
"406","MF","daycare","10","indoor",1109,1099,1138,28.098,-0.024448346648489,2.06418477624884e-06,303.983,TRUE,39
"407","MF","daycare","10","indoor",1321,1319,1325,14.389,-1.11717983471298,5.67945874690277e-06,29.11,TRUE,6
"408","MF","daycare","10","indoor",1742,1741,1745,14.311,-1.28939870030883,8.64548623946208e-06,22.857,FALSE,4
"409","MF","daycare","10","indoor",2229,2227,2231,12.175,-1.70145636382844,7.11456682762142e-06,20.075,TRUE,4
"410","MF","daycare","10","indoor",2617,2616,2619,13.43,-1.55242137935447,1.11570534474307e-06,17.789,TRUE,3
"411","MF","daycare","10","indoor",2843,2840,2846,16.277,-2.90881820502759,5.19286830455744e-06,21.08,TRUE,6
"412","MF","daycare","10","indoor",3425,3422,3428,12.755,-2.40957914432482,4.1055475509717e-06,18.568,TRUE,6
"413","MF","daycare","10","indoor",3928,3926,3931,12.284,-1.07423655156112,8.83957443412285e-06,22.343,TRUE,5
"414","MF","daycare","10","indoor",4232,4230,4236,14.574,-0.56052599290741,4.87361214609393e-06,36.794,TRUE,6
"415","MF","daycare","10","indoor",4734,4732,4736,13.344,-1.74747252954912,5.47548142713288e-06,22.81,FALSE,4
"416","MF","daycare","10","indoor",4818,4817,4821,13.428,-2.21918545250112,3.44503018022685e-06,18.517,TRUE,4
"417","MF","daycare","10","indoor",5044,5043,5047,11.563,-1.6538571226107,2.83470684492255e-06,16.546,TRUE,4
"418","MF","daycare","10","indoor",5113,5109,5120,14.888,-0.208271296419222,2.03100726210768e-06,73.598,FALSE,11
"419","MF","daycare","10","indoor",5475,5473,5477,16.288,-0.933200661196675,1.82673358347251e-06,28.364,TRUE,4
"420","MF","daycare","10","indoor",6500,6499,6502,14.565,-1.02602652548539,1.06056783461593e-06,24.768,FALSE,3
"421","MF","daycare","10","indoor",6942,6562,7121,115.463,-0.00610231433019945,1.9281743193406e-07,14280.785,FALSE,559
"422","MF","daycare","10","indoor",7156,7155,7164,18.022,-0.318665892678648,7.89170657122791e-06,65.036,FALSE,9
"423","MF","daycare","10","indoor",7342,7340,7344,11.499,-2.32116917270794,3.4624908425417e-06,13.858,TRUE,4
"424","MF","daycare","10","indoor",7425,7350,7538,51.552,-0.00600004956689645,5.70485273183456e-06,2856.609,FALSE,188
"425","MF","daycare","10","indoor",7843,7841,7845,11.373,-1.90308175082529,1.45544743999676e-06,16.955,TRUE,4
"426","MF","daycare","10","indoor",7900,7898,7902,14.175,-1.27893552835145,2.42669366014155e-06,35.579,FALSE,4
"427","MF","daycare","10","indoor",8335,8333,8337,11.966,-0.996794447460712,3.6878056548924e-07,22.648,TRUE,4
"428","MF","daycare","10","indoor",8601,8595,8603,12.02,-1.50519287256807,7.5839435986002e-06,30.09,TRUE,8
"429","MF","daycare","10","indoor",8822,8818,8824,12.9,-1.54030377280894,6.59142190220053e-06,27.212,TRUE,6
"430","MF","daycare","10","indoor",9506,9136,10340,284.31,-0.00655269124093899,6.46625212762013e-06,50875.959,FALSE,1204
"431","MF","daycare","10","indoor",9567,9566,9569,25.327,-2.29753654177459,1.66827745486173e-06,31.515,TRUE,3
"432","MF","daycare","10","indoor",10127,10125,10129,13.326,-2.22241507354394,1.05435954890463e-06,19.913,TRUE,4
"433","MF","daycare","10","indoor",10424,10422,10426,14.337,-1.48589644663616,2.21905501272868e-06,24.768,TRUE,4
"434","MF","daycare","10","indoor",10744,10740,10754,11.613,-0.189869878009251,9.79692185082433e-06,49.663,TRUE,14
"435","MF","daycare","10","indoor",10859,10858,10862,14.495,-1.73009018068822,3.8830131998394e-06,21.155,FALSE,4
"436","MF","daycare","10","indoor",10984,10980,10986,12.489,-1.18764746949853,4.02219090343551e-06,27.843,TRUE,6
"437","MF","daycare","10","indoor",11250,11178,11252,22.729,-1.5016577061203,1.40176690288051e-06,371.928,TRUE,74
"438","MF","daycare","10","indoor",11553,11533,11581,28.586,-0.0411384869792945,5.62685996694772e-07,408.816,TRUE,48
"439","MF","daycare","10","indoor",11848,11705,11871,27.31,-0.0486559167159324,7.08263101193461e-07,5199.664,TRUE,166
"440","MF","daycare","10","indoor",11953,11679,13089,994.38,-0.00519548517845312,3.19736778273371e-06,147326.444,FALSE,1410
"441","MF","daycare","10","indoor",12226,12217,12343,16.235,-0.00205646342018783,3.38964227241338e-06,806.668,TRUE,126
"442","MF","daycare","10","indoor",12909,12905,12911,26.909,-1.55544444590395,5.34020860245345e-07,49.916,TRUE,6
"443","MF","daycare","10","indoor",14214,14168,14398,53.88,-0.00925192414970322,2.07971569641633e-07,4537.174,TRUE,230
"444","MF","daycare","10","indoor",14504,14503,14507,47.348,-1.25499067944935,1.05573456524607e-06,67.869,TRUE,4
"445","MF","daycare","10","indoor",14527,14496,16012,105.523,-0.000722403196753533,7.0325518397182e-06,31252.935,FALSE,1516
"446","MF","daycare","10","indoor",14704,14695,14706,29.909,-1.28730269418752,2.35658271092374e-06,135.589,TRUE,11
"447","MF","daycare","10","indoor",14998,14985,15041,36.857,-0.0144950946142507,8.91954085782653e-06,520.009,TRUE,56
"448","MF","daycare","10","indoor",15234,15041,15413,36.673,-0.00649176979297275,3.49985346704085e-06,3553.72,TRUE,372
"449","MF","daycare","10","indoor",15571,15569,15573,12.639,-1.15129376541439,1.33583059364891e-06,25.215,TRUE,4
"450","MF","daycare","10","indoor",15964,15963,15966,11.297,-2.3682623201591,4.3366697940751e-06,14.267,TRUE,3
"451","MF","daycare","10","indoor",16035,16032,16037,13.858,-1.10271474526734,2.84588724105605e-06,30.108,FALSE,5
"452","MF","daycare","10","indoor",16320,16319,16323,14.645,-2.90970834358933,5.47909680959118e-06,17.07,TRUE,4
"453","MF","daycare","10","indoor",16871,16869,16873,12.705,-1.66398975284205,2.02671719055125e-06,19.295,TRUE,4
"454","MF","daycare","10","indoor",17112,17085,17388,63.917,-0.00201590265953814,7.73251476478628e-06,7823.761,TRUE,303
"455","MF","daycare","10","indoor",17536,17239,18925,74.188,-0.000928263509216563,6.76735534401937e-06,40681.936,FALSE,1686
"456","MF","daycare","10","indoor",17745,17738,17764,28.272,0.0322984303889441,5.68036968865609e-06,280.382,TRUE,26
"457","MF","daycare","10","indoor",18357,18354,18360,15.893,-2.46247594968256,5.315821105788e-06,22.456,TRUE,6
"458","MF","daycare","10","indoor",20321,20320,20323,14.1,-1.20334155309026,5.26472668089828e-06,21.227,FALSE,3
"459","MF","daycare","10","indoor",20589,20588,20591,15.523,-2.10879517926589,1.70258066809257e-06,20.41,FALSE,3
"460","MF","daycare","10","indoor",21053,21051,21055,13.388,-1.64903981759255,2.03264568847392e-06,23.132,FALSE,4
"461","MF","daycare","10","indoor",21367,21365,21369,26.913,-0.756973214822735,2.80669912090722e-06,52.107,FALSE,4
"462","MF","daycare","10","indoor",24007,24005,24010,18.163,-1.55354190579604,2.82204331193974e-06,29.748,FALSE,5
"463","MF","daycare","10","indoor",24442,24441,24444,13.214,-1.56869200827919,3.5163332310275e-06,19.634,FALSE,3
"464","MF","daycare","10","indoor",25528,25507,25602,40.477,-0.00231717899761777,6.91488510354802e-07,825.632,FALSE,95
"465","MF","daycare","10","indoor",25735,25602,25805,16.986,-0.00152047954147744,2.04165877884974e-06,2336.862,FALSE,203
"466","MF","daycare","10","indoor",25956,25918,26010,37.728,-0.0116822846173589,6.14060311626862e-06,973.59,FALSE,92
"467","MF","daycare","10","indoor",26486,26202,26786,32.77,-0.00419666466029634,1.88536421797584e-06,6096.07,FALSE,584
"468","MF","daycare","10","indoor",27058,26833,27598,28.452,-0.00142995160164312,4.11144698659388e-06,4625.652,FALSE,765
"469","MF","daycare","10","indoor",27644,27640,27646,17.635,-1.60517095184442,3.59904299568135e-06,36.074,FALSE,6
"470","MF","daycare","10","indoor",27863,27860,27866,12.954,-1.32618660221923,4.45327418640887e-06,25.687,FALSE,6
"471","MF","daycare","10","indoor",28381,28358,28875,56.668,-0.00189298391653634,1.02429078596284e-06,8621.408,FALSE,517
"472","MF","daycare","10","indoor",29038,29036,29043,14.888,-0.526862777741291,5.97973256119765e-06,45.904,FALSE,7
"473","MF","daycare","10","indoor",29481,29207,29738,29.025,-0.00421538392046054,2.7033670661766e-07,5402.88,FALSE,531
"474","MF","daycare","10","indoor",30968,30965,30971,14.153,-1.32882166063354,3.88085785042017e-06,23.554,FALSE,6
"475","MF","daycare","10","indoor",31502,31214,31554,57.187,-0.0163416884860236,8.44609183586066e-07,6602.589,FALSE,340
"476","MF","daycare","10","indoor",31751,31554,31790,49.645,-0.0404904494135148,3.94316021112161e-06,3905.055,FALSE,236
"477","MF","daycare","10","indoor",31955,31954,31957,16.306,-0.606268803020722,3.67792597039066e-06,33.412,FALSE,3
"478","MF","daycare","10","indoor",32169,32089,32338,38.252,-0.00248744421313489,1.97592110339764e-06,3609.267,FALSE,249
"479","MF","daycare","10","indoor",32553,32552,32555,14.121,-1.20404108390159,3.08240094751217e-06,22.686,FALSE,3
"480","MF","daycare","10","indoor",34044,34042,34047,13.687,-0.699686358698481,1.67923419460616e-06,35.117,FALSE,5
"481","MF","daycare","10","indoor",34276,34264,34278,19.058,-0.986964598489966,8.24491875717938e-07,97.679,FALSE,14
"482","MF","daycare","10","indoor",34489,34444,34632,41.426,-0.00409653969268357,2.65776511943057e-06,2208.834,FALSE,188
"483","MF","daycare","10","indoor",34768,34655,35057,37.642,-0.00181756670989135,6.83907180817156e-08,5412.954,FALSE,402
"484","MF","daycare","10","indoor",35619,35613,35623,13.681,-0.470669819075224,6.07631272920549e-07,77.62,FALSE,10
"485","MF","daycare","10","indoor",36928,36924,36930,18.559,-1.22719290198744,6.75589999532406e-06,39.713,FALSE,6
"486","MF","daycare","10","indoor",37183,37176,37210,31.606,-0.0228722414698648,3.3278332557407e-06,429.49,FALSE,34
"487","MF","daycare","10","indoor",37388,37285,37537,25.712,-0.00645819680956279,3.35438067942808e-07,6893.974,FALSE,252
"488","MF","daycare","10","indoor",37606,37537,37616,14.744,-0.0898675132385413,5.14174711548985e-06,500.698,FALSE,79
"489","MF","daycare","10","indoor",37811,37790,37916,28.816,-0.00808019800188017,1.35060948692747e-06,1077.193,FALSE,126
"490","MF","daycare","10","indoor",38094,37916,38716,24.882,-0.00184594464441411,2.2055466393459e-06,6999.423,FALSE,800
"491","MF","daycare","10","indoor",38894,38892,38900,13.1,-0.219701136091453,3.54405788871705e-06,50.257,FALSE,8
"492","MF","daycare","10","indoor",39958,39956,39960,13.205,-1.10527787040431,2.05230203575893e-06,25.67,FALSE,4
"493","MF","daycare","10","indoor",40500,40498,40502,14.155,-1.12079358146769,7.59024740669121e-06,26.911,FALSE,4
"494","MF","daycare","10","indoor",40742,40666,40744,15.776,-1.09174809835643,1.62420472555348e-06,353.949,FALSE,78
"495","MF","daycare","10","indoor",41252,41248,41260,13.761,-0.172203491249474,9.28241471252342e-06,72.154,FALSE,12
"496","MF","daycare","10","indoor",41619,41574,41628,16.855,-0.169433898663177,3.84427227299166e-06,313.364,FALSE,54
"497","MF","daycare","10","indoor",44321,41628,44551,24.897,-0.00245794706405181,1.86703649233251e-06,16909.069,FALSE,2923
"498","MF","daycare","10","indoor",44681,44679,44683,20.364,-1.6030831443074,5.56949170402182e-06,32.69,FALSE,4
"499","MF","daycare","10","indoor",45041,45039,45043,18.638,-1.55328229898522,2.60290645809482e-06,30.814,FALSE,4
"500","MF","daycare","10","indoor",45825,45486,46175,72.248,-0.00184759544820043,1.35050289510819e-06,13750.816,FALSE,689
"501","MF","daycare","10","indoor",46510,46505,46513,38.566,-1.84990216914522,2.67360932041359e-06,92.044,FALSE,8
"502","MF","daycare","10","indoor",46729,46728,46731,19.601,-1.93726871497974,1.59983143359316e-06,25.508,FALSE,3
"503","MF","daycare","10","indoor",47094,47093,47097,13.904,-0.884789229611999,4.51106054191672e-06,25.611,FALSE,4
"504","MF","daycare","10","indoor",48401,48379,48412,39.006,-0.177431551401416,3.44055055121625e-06,417.978,FALSE,33
"505","MF","daycare","10","indoor",48720,48686,48743,34.398,-0.0428004031203124,2.85702262426647e-07,784.431,FALSE,57
"506","MF","daycare","10","indoor",48928,48914,48930,16.363,-1.34069145715371,2.30384893778e-06,119.222,FALSE,16
"507","MF","daycare","10","indoor",49142,49131,49144,39.861,-2.25168275396905,1.31967867195892e-06,143.279,FALSE,13
"508","MF","daycare","10","indoor",49375,49306,49723,36.503,-0.00233040840337082,2.50220056556346e-07,3299.332,FALSE,417
"509","MF","daycare","10","indoor",49856,49855,49859,17.966,-1.63962676129574,5.65957401112652e-06,26.462,FALSE,4
"510","MF","daycare","10","indoor",50059,50058,50061,12.976,-2.02410501384232,6.74950738522135e-06,16.816,FALSE,3
"511","MF","daycare","10","indoor",51150,51086,51672,34.727,-0.00169397045108885,1.2140681580718e-06,8591.594,FALSE,586
"512","MF","daycare","10","indoor",51836,51833,51845,24.878,-0.531373536093137,7.36642880233975e-06,96.681,FALSE,12
"513","MF","daycare","10","indoor",52083,51916,52698,34.858,-0.000967836689646837,7.34179125366519e-07,7909.761,FALSE,782
"514","MF","daycare","10","indoor",53765,53764,53768,13.453,-1.58335565637533,3.04774873456497e-06,20.295,FALSE,4
"515","MF","daycare","10","indoor",54006,53921,55977,110.379,-0.00082874152936744,9.83596426825759e-06,33571.933,FALSE,2056
"516","MF","daycare","10","indoor",56668,56665,56671,25.137,-1.07626024164708,3.64740829354485e-06,49.083,FALSE,6
"517","MF","daycare","11","indoor",30,0,236,33.233,-0.0188116948145195,4.6948347193226e-08,2068.203,TRUE,236
"518","MF","daycare","11","indoor",301,238,543,36.73,-0.0294761522684592,2.08801402523569e-06,1811.253,TRUE,305
"519","MF","daycare","11","indoor",636,607,713,7.679,-0.0261438030802651,8.77440177000332e-06,286.198,TRUE,106
"520","MF","daycare","11","indoor",729,713,1040,82.093,-0.0212880376454759,1.32570828962361e-06,5188.342,FALSE,327
"521","MF","daycare","11","indoor",1593,1549,6205,219.926,-0.00048912480271543,8.37288025695266e-06,64511.212,TRUE,4656
"522","MF","daycare","11","indoor",2182,2003,2480,26.156,-0.0113738551920527,5.09607243902732e-06,2854.741,FALSE,477
"523","MF","daycare","11","indoor",2650,2623,2731,13.207,-0.0270487246883789,7.22639601893412e-06,658.691,FALSE,108
"524","MF","daycare","11","indoor",3784,3771,3841,10.781,-0.0276835124674862,4.53293558887246e-06,359.937,FALSE,70
"525","MF","daycare","11","indoor",4437,4406,4537,20.174,-0.0219924124721257,9.09568096800736e-07,992.082,FALSE,131
"526","MF","daycare","11","indoor",5901,5841,6096,21.867,-0.0143200556894887,4.25075933977298e-07,2107.502,FALSE,255
"527","MF","daycare","11","indoor",6518,6350,7078,84.181,-0.015530457736695,4.80140621257242e-06,6658.186,TRUE,728
"528","MF","daycare","11","indoor",6937,6846,7250,7.925,-0.00239618220320795,1.53682829663392e-06,1550.592,FALSE,404
"529","MF","daycare","11","indoor",7115,7102,8368,163.978,-0.0185766417128361,1.12399246265291e-06,19014.784,TRUE,1266
"530","MF","daycare","11","indoor",7946,7930,8027,11.891,-0.0219753894242308,3.826888129728e-07,551.737,FALSE,97
"531","MF","daycare","11","indoor",8654,8634,8794,60.491,-0.0265881280998994,2.39739580019636e-07,2750.587,FALSE,160
"532","MF","daycare","11","indoor",9257,8743,9679,55.317,-0.0142871141174727,7.62633338479238e-07,5580.342,TRUE,936
"533","MF","daycare","11","indoor",9523,9347,9682,45.195,-0.0201810809984782,9.18470542629172e-07,3409.931,FALSE,335
"534","MF","daycare","11","indoor",9876,9839,9938,7.138,-0.0169521168339383,4.99547241826583e-07,344.789,FALSE,99
"535","MF","daycare","11","indoor",10176,10108,10373,103.568,-0.0298426339651222,5.26700861021583e-06,5365.165,TRUE,265
"536","MF","daycare","11","indoor",10775,10723,11169,280.986,-0.0321711804464108,3.76511796931919e-07,13750.668,TRUE,446
"537","MF","daycare","11","indoor",10958,10918,11209,89.583,-0.0170525710724555,7.18043964096486e-07,6350.613,FALSE,291
"538","MF","daycare","11","indoor",11645,11613,12691,36.962,-0.012703028608277,4.69642785994378e-06,6634.496,TRUE,1078
"539","MF","daycare","11","indoor",12278,12075,12373,12.765,-0.0127716857244096,5.97627728254998e-08,1238.441,FALSE,298
"540","MF","daycare","11","indoor",12637,12393,12741,24.233,-0.0372562485491611,6.64169353953585e-06,1943.549,FALSE,348
"541","MF","daycare","11","indoor",13117,12928,13244,32.889,-0.0257733455866538,1.55179145048574e-06,2089.297,TRUE,316
"542","MF","daycare","11","indoor",13534,13468,13952,43.957,-0.00389404631896057,9.67967515748548e-06,3365.051,TRUE,484
"543","MF","daycare","11","indoor",15375,12919,16469,212.573,-0.0176022342489137,7.40759779480478e-06,43847.909,FALSE,3550
"544","MF","daycare","11","indoor",16571,16556,16785,50.128,-0.0197347895914637,1.862585838922e-06,2679.396,FALSE,229
"545","MF","daycare","11","indoor",17051,16998,17189,16.978,-0.0209515316322417,9.19118385262821e-06,1068.643,FALSE,191
"546","MF","daycare","11","indoor",17989,17975,18123,8.276,-0.0124981127085232,7.90433513157423e-06,610.115,FALSE,148
"547","MF","daycare","11","indoor",19543,19530,19711,11.967,-0.0127224573367426,1.16090614627844e-07,852.327,FALSE,181
"548","MF","daycare","11","indoor",19828,19762,19886,11.131,-0.0381781392109184,9.68713473623712e-06,550.42,FALSE,124
"549","MF","daycare","11","indoor",20627,20531,20643,6.445,-0.0518123236632518,9.52767807240639e-07,476.058,FALSE,112
"550","MF","daycare","11","indoor",21136,21127,21339,23.268,-0.0120182013762905,1.03085067634292e-06,1467.915,FALSE,212
"551","MF","daycare","11","indoor",21554,21339,21906,8.633,-0.0047698108852125,5.31856868030201e-06,1922.943,FALSE,567
"552","MF","daycare","11","indoor",30,0,222,34.441,-0.0186871618232954,2.95594115118384e-07,2167.822,TRUE,222
"553","MF","daycare","11","indoor",301,238,440,38.113,-0.0301211749322101,2.77880946407198e-06,1707.475,TRUE,202
"554","MF","daycare","11","indoor",636,629,715,9.414,-0.0240903674807668,5.58254958625062e-06,342.801,TRUE,86
"555","MF","daycare","11","indoor",729,713,1040,222.88,-0.0248888676128502,8.06797683459831e-08,11711.307,FALSE,327
"556","MF","daycare","11","indoor",1593,1545,6238,236.197,-0.000416439366445318,8.46824004873527e-06,70995.149,TRUE,4693
"557","MF","daycare","11","indoor",2181,2003,2506,74.113,-0.0175767220559854,5.32651372001546e-06,6218.943,FALSE,503
"558","MF","daycare","11","indoor",2650,2623,2731,14.847,-0.0255800735728747,8.00468564604013e-07,767.433,FALSE,108
"559","MF","daycare","11","indoor",3781,3760,3953,32.1,-0.0273447298427626,9.04986233730254e-06,1320.253,FALSE,193
"560","MF","daycare","11","indoor",4437,4406,4551,21.426,-0.0197522735008313,8.80262766559573e-07,1163.089,FALSE,145
"561","MF","daycare","11","indoor",5238,5228,5318,10.85,-0.01907413561991,1.02758031728383e-06,501.363,FALSE,90
"562","MF","daycare","11","indoor",5913,5824,6108,23.503,-0.0130991928235255,1.69216034154876e-06,2468.527,FALSE,284
"563","MF","daycare","11","indoor",6948,6853,7250,8.454,-0.00155159975229745,1.45187740097386e-06,1747.996,FALSE,397
"564","MF","daycare","11","indoor",7115,6249,8221,182.243,-0.0187062252291797,3.86860845798796e-07,28743.562,TRUE,1972
"565","MF","daycare","11","indoor",7938,7923,8058,26.47,-0.0222304553649338,3.01117138680197e-07,1320.585,FALSE,135
"566","MF","daycare","11","indoor",8551,8450,8682,8.922,-0.0107047827324555,1.76473161615175e-06,1081.05,TRUE,232
"567","MF","daycare","11","indoor",8654,8568,8794,90.272,-0.0294281075245515,7.9595666575518e-06,3878.811,FALSE,226
"568","MF","daycare","11","indoor",9261,9121,9625,56.207,-0.0143164628529771,2.65502766386566e-07,5149.571,TRUE,504
"569","MF","daycare","11","indoor",9523,9350,9682,46.834,-0.0196891574772146,3.70514514723604e-06,3601.041,FALSE,332
"570","MF","daycare","11","indoor",9881,9839,9940,7.524,-0.0149239041276379,1.04723413006543e-07,417.452,FALSE,101
"571","MF","daycare","11","indoor",10176,10104,10373,104.336,-0.0295574418713609,3.2060456401986e-07,5585.959,TRUE,269
"572","MF","daycare","11","indoor",10775,10724,11169,458.266,-0.0383301672589478,7.35045716166919e-07,16412.88,TRUE,445
"573","MF","daycare","11","indoor",10958,10783,11209,90.894,-0.0168683819159976,2.92866938434559e-06,8226.62,FALSE,426
"574","MF","daycare","11","indoor",11646,11602,12130,47.433,-0.0127453254106096,9.05252368693954e-06,4934.716,TRUE,528
"575","MF","daycare","11","indoor",12222,12130,12685,10.282,-0.00178995269310575,2.95645293516441e-06,3300.573,TRUE,555
"576","MF","daycare","11","indoor",12637,12191,12748,24.377,-0.0335394224729504,5.26915480828684e-06,3288.544,FALSE,557
"577","MF","daycare","11","indoor",13117,12937,13244,39.16,-0.0257496933279827,8.85846496069968e-06,2648.212,TRUE,307
"578","MF","daycare","11","indoor",13533,13508,13952,58.501,-0.0364968445492313,6.85457762797294e-06,4232.422,TRUE,444
"579","MF","daycare","11","indoor",15373,12900,16467,236.189,-0.0184967837708921,4.49624400385907e-06,50247.082,FALSE,3567
"580","MF","daycare","11","indoor",16571,16545,16785,58.945,-0.0192798097606436,6.97330892537023e-06,3275.219,FALSE,240
"581","MF","daycare","11","indoor",17057,16962,17262,17.995,-0.0122936056204995,4.37655170516885e-06,1772.318,FALSE,300
"582","MF","daycare","11","indoor",18007,17973,18184,27.914,-0.0166927353547314,1.80930780353924e-06,1875.253,FALSE,211
"583","MF","daycare","11","indoor",18873,18587,18969,9.292,-0.0149918910970776,1.31752206265459e-06,1544.666,FALSE,382
"584","MF","daycare","11","indoor",19588,19517,19905,22.737,-0.00433899987188297,9.34968568351375e-06,2633.802,FALSE,388
"585","MF","daycare","11","indoor",21136,20785,22303,37.346,-0.00171330019006864,4.72831736118889e-06,8769.178,FALSE,1518
"586","MF","daycare","11","indoor",26,0,105,59.673,-0.0168004174609137,9.63413295142298e-06,2876.156,FALSE,105
"587","MF","daycare","11","indoor",65,0,173,48.026,-0.0232311438206113,7.54003993579835e-06,3326.107,TRUE,173
"588","MF","daycare","11","indoor",241,118,304,128.75,-0.0413642784893517,7.71875107927061e-06,7524.542,FALSE,186
"589","MF","daycare","11","indoor",315,246,411,111.981,-0.0387436120762812,8.47879823269567e-06,3191.379,TRUE,165
"590","MF","daycare","11","indoor",461,459,463,16.393,-1.9852945360978,8.29334505791693e-06,24.157,FALSE,4
"591","MF","daycare","11","indoor",658,630,725,80.541,-0.0280679464190199,5.15171594704922e-06,2550.273,TRUE,95
"592","MF","daycare","11","indoor",725,713,1038,1491.691,-0.0386900596707023,1.26620445840256e-06,47792.954,FALSE,325
"593","MF","daycare","11","indoor",932,769,1114,140.736,-0.0478741790962046,9.17136435064551e-06,6526.441,TRUE,345
"594","MF","daycare","11","indoor",1181,1153,1230,59.531,-0.0298883729018812,1.30075909726761e-06,2057.553,FALSE,77
"595","MF","daycare","11","indoor",1300,1299,1303,15.619,-0.791545083758934,8.01410087446264e-07,29.372,TRUE,4
"596","MF","daycare","11","indoor",1450,1366,1649,189.657,-0.00650879231352634,2.21377968112552e-06,10907.603,FALSE,283
"597","MF","daycare","11","indoor",1593,1488,2600,379.507,-0.0131328752691883,7.8122940114672e-06,39882.81,TRUE,1112
"598","MF","daycare","11","indoor",1660,1659,1668,18.377,-0.114128807552223,1.88796518965601e-06,84.147,FALSE,9
"599","MF","daycare","11","indoor",1929,1928,1933,16.63,-1.1347732855877,8.81752890316955e-06,29.057,FALSE,5
"600","MF","daycare","11","indoor",2150,2003,2494,747.442,-0.0169194477645954,4.76583673566318e-06,29468.526,FALSE,491
"601","MF","daycare","11","indoor",2560,2524,2610,55.326,-0.0307198543556355,8.77664779195635e-06,1396.359,FALSE,86
"602","MF","daycare","11","indoor",2644,2600,2808,13.2,0.0011662551211894,2.76192613282459e-06,1132.811,TRUE,208
"603","MF","daycare","11","indoor",2768,2610,2803,102.378,-0.0675391828663375,2.3314562121435e-06,3782.737,FALSE,193
"604","MF","daycare","11","indoor",3082,2808,6234,613.131,-0.000757956595688763,6.87477480683677e-06,111155.914,TRUE,3426
"605","MF","daycare","11","indoor",3122,3069,3179,99.023,-0.0297083200349758,8.78633822370143e-06,2824.067,FALSE,110
"606","MF","daycare","11","indoor",3783,3725,4011,207.45,-0.00606149318328712,7.01835605967905e-06,12523.333,FALSE,286
"607","MF","daycare","11","indoor",4416,4116,4620,79.481,-0.0089030476393735,3.2674295259753e-06,12771.132,FALSE,504
"608","MF","daycare","11","indoor",4771,4770,4778,44.404,-0.528426727685638,5.71026439622216e-06,113.297,FALSE,8
"609","MF","daycare","11","indoor",5029,5028,5032,14.413,-2.48207870922766,2.23856123023261e-06,16.47,FALSE,4
"610","MF","daycare","11","indoor",5230,5213,5314,72.895,-0.0260350167894696,2.913195966389e-06,2386.165,FALSE,101
"611","MF","daycare","11","indoor",5501,5496,5590,61.617,-0.00799401424585824,2.95984640541793e-06,2196.604,FALSE,94
"612","MF","daycare","11","indoor",5837,5764,6124,126.332,-0.00506876433749812,1.13666321411682e-06,9502.788,FALSE,360
"613","MF","daycare","11","indoor",6340,6333,6342,22.938,-1.24845443845345,1.20604013493116e-06,115.589,FALSE,9
"614","MF","daycare","11","indoor",6366,6356,6990,484.791,-0.00425187767559473,3.97712201632487e-06,25246.567,TRUE,634
"615","MF","daycare","11","indoor",6680,6608,6714,50.34,-0.0440218208710563,8.06009791559391e-07,1876.926,FALSE,106
"616","MF","daycare","11","indoor",7100,7085,7282,151.585,-0.015376604854648,8.05184472733829e-06,6789.292,FALSE,197
"617","MF","daycare","11","indoor",7115,7092,8202,402.551,-0.00236930932199637,9.05306516902951e-06,51667.73,TRUE,1110
"618","MF","daycare","11","indoor",7363,7282,7638,102.04,-0.00856674831193407,4.58309524604528e-06,9085.454,FALSE,356
"619","MF","daycare","11","indoor",7733,7729,7735,22.562,-1.64299461556833,3.03475839182031e-06,62.185,FALSE,6
"620","MF","daycare","11","indoor",7938,7920,8056,204.979,-0.0330602006827542,1.99811368687253e-06,6264.916,FALSE,136
"621","MF","daycare","11","indoor",8210,8188,8280,45.06,-0.0263721568956914,5.26854372813952e-06,921.513,FALSE,92
"622","MF","daycare","11","indoor",8421,8288,8462,19.42,-0.0101807306450846,6.54884570035463e-06,2417.476,FALSE,174
"623","MF","daycare","11","indoor",8520,8502,8681,386.37,-0.0329792475087746,4.92024351222729e-06,13629.346,TRUE,179
"624","MF","daycare","11","indoor",8651,8556,8846,356.268,-0.0483173236605843,6.23414046174065e-06,14163.027,FALSE,290
"625","MF","daycare","11","indoor",8735,8697,8756,53.169,-0.0716603242004898,1.73738913448598e-06,1228.954,TRUE,59
"626","MF","daycare","11","indoor",8857,8856,8860,17.483,-1.47890639381935,3.39859694960513e-06,27.218,FALSE,4
"627","MF","daycare","11","indoor",9068,9064,9135,77.35,-0.0541972498329317,8.57904712193534e-06,1245.535,TRUE,71
"628","MF","daycare","11","indoor",9078,9077,9080,17.418,-2.74369521874171,3.77518534585924e-06,19.967,FALSE,3
"629","MF","daycare","11","indoor",9298,9234,9555,100.917,-0.0089951830805444,8.81605606004354e-06,8900.971,TRUE,321
"630","MF","daycare","11","indoor",9513,9358,9698,146.214,-0.0203597313864701,3.55439158813706e-06,8781.933,FALSE,340
"631","MF","daycare","11","indoor",9850,9800,9939,88.34,-0.0255632084049589,7.31181686091639e-06,3125.967,FALSE,139
"632","MF","daycare","11","indoor",9984,9961,10074,295.907,-0.0588520752801178,4.62400591490466e-06,8398.495,TRUE,113
"633","MF","daycare","11","indoor",10087,10004,10237,68.328,-0.00603988870882766,4.62849408136158e-06,5311.294,FALSE,233
"634","MF","daycare","11","indoor",10185,10102,10337,92.331,-0.0110779365829167,5.69600676574663e-07,10748.154,TRUE,235
"635","MF","daycare","11","indoor",10302,10237,10374,279.446,-0.050063773311516,7.91895303634735e-06,10461.624,FALSE,137
"636","MF","daycare","11","indoor",10531,10496,10551,76.829,-0.0663360957615944,7.32190698321269e-06,1597.286,TRUE,55
"637","MF","daycare","11","indoor",10566,10564,10569,17.868,-1.08774588709875,6.73435893779449e-06,34.903,FALSE,5
"638","MF","daycare","11","indoor",10774,10724,11079,648.092,-0.0413154156763191,4.07944070187616e-06,31704.181,TRUE,355
"639","MF","daycare","11","indoor",10798,10779,11298,281.207,-0.00399317517251227,2.22029566440004e-06,23101.444,FALSE,519
"640","MF","daycare","11","indoor",11241,11240,11243,15.107,-1.14385398386118,3.11239395545954e-06,23.229,TRUE,3
"641","MF","daycare","11","indoor",11473,11459,11652,140.127,-0.00643355189454577,5.36171078472892e-06,7588.243,FALSE,193
"642","MF","daycare","11","indoor",11641,11604,11832,239.284,-0.0227109123961463,1.99988685273788e-06,9207.137,TRUE,228
"643","MF","daycare","11","indoor",11715,11652,11758,89.339,-0.0323450854621683,3.19222670069181e-07,3669.421,FALSE,106
"644","MF","daycare","11","indoor",11939,11842,12002,39.968,-0.0350904122126972,7.54745660708157e-06,1612.083,TRUE,160
"645","MF","daycare","11","indoor",12081,12077,12083,16.095,-1.55214702640446,8.94947385467914e-06,37.683,FALSE,6
"646","MF","daycare","11","indoor",12259,12149,12670,37.752,-0.00149138745873723,1.64085300429832e-06,5875.75,TRUE,521
"647","MF","daycare","11","indoor",12328,12218,12573,89.387,-0.00100649697472864,3.82019398809977e-06,7685.617,FALSE,355
"648","MF","daycare","11","indoor",12645,12591,12756,82.593,-0.00632630731274473,1.71643929490357e-06,3568.474,FALSE,165
"649","MF","daycare","11","indoor",12675,12670,12679,12.632,-0.195523262471405,2.47228947887605e-06,52.281,TRUE,9
"650","MF","daycare","11","indoor",12909,12887,13380,71.602,-0.00155627567526325,3.57724364208022e-06,11455.383,FALSE,493
"651","MF","daycare","11","indoor",12923,12921,12925,23.351,-1.29959221804473,4.41629989779497e-07,33.608,TRUE,4
"652","MF","daycare","11","indoor",13132,13039,13237,128.605,-0.0241774433987651,3.09066662847334e-06,7201.864,TRUE,198
"653","MF","daycare","11","indoor",13529,13506,13952,324.415,-0.00523288957420321,6.32091012039873e-06,14086.724,TRUE,446
"654","MF","daycare","11","indoor",15687,13571,16458,390.188,-0.00148590932900231,6.50568240904773e-06,102469.412,FALSE,2887
"655","MF","daycare","11","indoor",16570,16541,16782,134.101,-0.0111096841501933,5.48814570843748e-06,7361.935,FALSE,241
"656","MF","daycare","11","indoor",17092,16877,17557,293.966,0.000336247489052397,1.5291771035344e-06,38930.452,FALSE,680
"657","MF","daycare","11","indoor",17601,17600,17604,28.849,-1.51250629541595,4.82060802795694e-06,40.905,FALSE,4
"658","MF","daycare","11","indoor",18007,17976,18416,1513,-0.072465731072912,4.85564752243253e-06,37900.716,FALSE,440
"659","MF","daycare","11","indoor",18873,18416,19022,414.393,-0.036929749761395,4.84716716852463e-06,48799.02,FALSE,606
"660","MF","daycare","11","indoor",19108,19105,19110,25.931,-1.82782376367127,2.06751335300327e-06,45.844,FALSE,5
"661","MF","daycare","11","indoor",19390,19359,19418,33.994,-0.0428831525252174,9.34731571833808e-06,927.94,FALSE,59
"662","MF","daycare","11","indoor",19590,19507,19929,950.777,-0.0708666457333781,2.93724417255595e-06,38636.937,FALSE,422
"663","MF","daycare","11","indoor",20262,19979,20382,224.518,-0.0443605404865732,8.09115899186956e-06,21786.464,FALSE,403
"664","MF","daycare","11","indoor",20562,20539,20643,23.455,-0.00818618472413763,7.94659075353402e-07,803.078,FALSE,104
"665","MF","daycare","11","indoor",21222,20779,22017,609.664,-0.00150759882616583,2.00322270908099e-06,77849.755,FALSE,1238
"666","MF","daycare","11","indoor",22241,22209,22303,64.274,-0.00871557313560679,2.88438964001872e-06,1999.065,FALSE,94
